-- phpMyAdmin SQL Dump
-- version 3.5.8
-- http://www.phpmyadmin.net
--
-- Počítač: hz-mysql3
-- Vygenerováno: Stř 11. zář 2013, 16:01
-- Verze serveru: 5.5.32-MariaDB-log
-- Verze PHP: 5.3.27

--
-- Databáze: mysql45692
--

-- --------------------------------------------------------

--
-- Struktura tabulky game
--

DROP TABLE IF EXISTS game;
CREATE TABLE IF NOT EXISTS game (
  id int NOT NULL,
  name varchar(100) NOT NULL,
  description text NOT NULL,
  aboutGame text,
  author varchar(200) DEFAULT NULL,
  date date NOT NULL,
  man_only int DEFAULT NULL,
  women_only int DEFAULT NULL,
  both_genders int DEFAULT NULL,
  image varchar(200) DEFAULT NULL,
  web varchar(400) DEFAULT NULL,
  info text,
  place text,
  time_of_game time DEFAULT NULL,
  special_info text,
  PRIMARY KEY (id)
);

--
-- Vypisuji data pro tabulku game
--

INSERT INTO game (id, name, description, aboutGame, author, date, man_only, women_only, both_genders, image, web, info, place, time_of_game, special_info) VALUES
(1, 'Škola', '<p>Vzpomínáš na šťastná a radostná léta na základní škole? První pusa, první cígo. Největším úspěchem roku bylo získání kartičky oblíbeného hokejisty. Nejčtenější literaturou fotoromán z&nbsp;Brávíčka. Poznámka v žákajdě se jevila jako neřešitelný problém. Chceš to prožít znovu? Hurá do Školy!</p>', '<p>Škola je odlehčený zábavný larp pro 24 žáků a 3 učitele. Odehrává se v prostředí páté třídy základní školy devadesátých let (to aby hráči nebili pedagogy hrané organizátory). Pátá třída, období, ve kterém se největší nepřátelé nachází v protější třídě a kdy milostné psaníčko nevyhnutelně vyvolá posměšky spolužáků. Tato veselá hra je vhodná jak pro prvohráče, tak pro ostřílené larpery. Užije si ji zkrátka každý (experimentálně ověřeno).</p>\r\n<p>Hra Škola je zaměřena na hraní dramatických situací, rozhodně v ní nejde o vítězství či vciťování se hluboko do charakteru postav. Je vystavěna na nadsázce a extrémních charakterech. Všechny postavy jsou předem připraveny organizátory a na hru se nemusíte nijak zvlášť připravovat. Ať už chcete být ultraslušným šprtem či největší raubířkou ve škole, pojďte se vrátit do školních lavic!</p>\r\n			', 'Kamil Buchtík, Břéťa Šopík', '2012-10-07', 12, 12, 0, '../../temp/img/larp/skola.jpg', 'http://kamil.larp.cz/skola/', NULL, NULL, NULL, NULL),
(2, 'Síla bratrství', '<p>Fischerovi. Před první světovou válkou to byla vzorná a pohodová rodina. Byli to lidé s ideály a sny. Ovšem válka zničila jejich lásku a vzájemné dobré vztahy. Všichni, co zůstali, se teď snaží vrátit vše zpět. Ale zjišťují, že to nejde.</p>', '<p>Půjde o smutnou hru s velice silným vnitřním prožitkem. Budete v ní vystupovat jako členové rodiny Fischerů a služebnictva, kteří mají mezi sebou hodně problémů, ale vyřešit je bude skoro nemožné.</p>', 'Tomáš „Sylfaen” Kalík', '2012-10-18', 4, 2, 0, 'http://hrajlarp.cz/temp/img/larp/bratrstvi_full.jpg', '', '', 'Klubovna Masarykova, <a href="http://www.mapy.cz/s/5rE2">Jana Masaryka 19, Praha 2</a>', '19:00:00', ''),
(3, 'Svět po pádu', '<p>Svět po Pádu je zničený a velmi nehostinný svět, ve kterém žijí zbytky zdegenerovaného lidstva. To si svou dřívější vyspělost připomíná už jen díky zničeným a často nefunkčním pozůstatkům z dob před Pádem. Čtveřice kladenských vojáků se vydává ku Praze, aby tam našla svého přítele. Muže, ve kterém vidí naději, že Kladno neskončí v úpadku.</p>', '<p>Svět po Pádu je fiktivní svět. Je to platforma pro postkatastrofické larpy a akce larpům dost podobné. Pod hlavičkou SpP se už konalo několik různých PA larpů v různém duchu. Poslední díl - SpP5: Cesta tam a zase zpátky - má nejblíže k družinovce a komornímu larpu. Malá skupinka hráčů prochází dynamickým terénem, kde může potkávat různá CP, lokace a nástrahy. Přitom řeší své vlastní zápletky. Vzhledem k tomu, že larp se odehrává venku, jsou povinné některé prvky výbavy a jiné silně doporučené:</p>\r\n          <ul><li>Ochranné brýle (v Obi za 39 korun);\r\n              <li>Teplé oblečení, kterému nevadí, že se zašpiní (v noci je fakt zima);\r\n              <li>Pevná obuv;\r\n              <li>Holiny (bude se brodit vodou);\r\n              <li>Svítidlo (louči, svíčky, lucernu, staré baterky - ne bílé diody);\r\n              <li>Baťoh, ve kterém si to ponesete;\r\n              <li>Trocha jídla a pití se také neztratí, když budou v PA duchu, bude to lepší;\r\n              <li>Od orgů dostanete svrchní část kostýmu (kabát apod.) a někteří přilbu.\r\n          </ul>\r\n      <p>Pro případné zájemce je nutné poznamenat, že cesta je dosti náročná a její délka je několik kilometrů. Drápání se do kopců, prolézání sutinami, plížení se křovím, vyhýbání se pastím a hlídkám. Také brodění se ve vysoké vodě a čvachtání v bažinách. To vše navíc potmě. Akce se koná venku v přírodě, v Praze na dosah autobusu. Obvykle končí kolem půlnoci. Organizátoři HRAJ LARP zajistí klubovnu na přespání nedaleko místa konání. Pro orientaci v herním prostředí je dobré si přečíst <a href="http://svetpopadu.blogspot.cz/search/label/Minimum" target=_blank>"Minimum" na webu Světa po Pádu</a>. Mimo to dostanou hráči soubor přímo k herní situaci a soubor ke svojí postavě.</p>\r\n			\r\n      <h2>Příběh</h2>\r\n      <p>Tento díl se odehrává trochu dříve v čase než předchozí čtyři. Dost možná i jen pár generací po Pádu. Jednota se teprve učí oživovat staré továrny, pražské gangy jsou ještě v plenkách a Kladno se zatím nemusí zabývat tím, co dělají ostatní města. A právě o Kladně je náš příběh. Čtveřice kladenských vojáků se vydává ku Praze, aby tam našla svého přítele. Velitele odpovědného za mnoho dobrých změn. Muže, ve kterém vidí naději, že Kladno neskončí v úpadku. Co ale v Praze najdou? Pomůže jim v tom tajemný Průvodce? A jdou všichni do Prahy kvůli tomu samému? To jsou otázky, na které možná najdete odpovědi, pokud se rozhodnete ztvárnit jednu z hráčských rolí.</p>', 'Petr „Petrius” Turoň', '2012-10-12', 0, 0, 0, '../../temp/img/larp/pad.jpg', '', '', 'Prokopské údolí', '19:00:00', ''),
(4, 'Lunapark život', '<p>Lunapark život je příběhovým dramatem čerpajícím z prostředí francouzské avantgardy. Vypráví o rodinných tajemstvích a skrývaných touhách a aktualizuje prastará témata lásky a smrti.</p>', '<p> Paříž třicátých let je bouřícím kotlem umělecké Evropy. Z prachu vyčerpaného dadaismu zde povstal nový umělecký směr, surrealismus. Svrhnul stará tabu a nastolil řád nesmyslu a snu. André Onirique je uznávaným básníkem, vede skupinu podobně smýšlejících přátel z uměleckých kruhů, má krásnou ženu a hodného syna. Přesto se mu život začíná ztrácet pod rukama, protože přestává rozeznávat hranici mezi realitou a sněním. Pomůže mu rodina a přátelé najít cestu nazpět? Lunapark život je larpem pro pět osob (čtyři muži a jedna žena) a hraje se tzv. jeep formou, která v tomto podání nejvíce připomíná improvizační divadlo. Každý z hráčů bude představovat jednu až dvě hlavní postavy a v některých okamžicích některou z postav vedlejších. Na hru není třeba se nijak speciálně připravovat, všechny instrukce obdrží hráč při vysvětlování pravidel. Kostým není také zapotřebí. Nicméně larp obsahuje některé pasáže, které mohou mít lehce surreálný nádech, takže je vhodný pro hráče s otevřenou myslí.</p>', 'Petr "Čiki" Kuběnský; Halahoj ', '2012-10-12', 0, 0, 0, '../../temp/img/larp/lunapark_full.jpg', 'http://halahoj.org/media/larpy', '', 'Čajovna Šamanka (<a href="http://www.mapy.cz/s/5nlp">Hálkova 8, Praha 2</a>)', '19:00:00', '<span>Halahoj</span>tematický víkend'),
(5, 'Pryč od minulosti', '<p>Pryč od minulosti čerpá z poetiky detektivek drsné školy 40.-50. let. V duchu nejlepších filmů noir se nese celá hra. Ve zšeřelé atmosféře baru American se vznáší erotické napětí i zpola zapomenuté hříchy předchozího života. Nechybí svůdná famme fatale, detektiv s břitkým jazykem ani zestárlá filmová hvězda.</p>', '<p>Drama je dimenzované pro 7-10 hračů, kteří si libují v cynickém humoru a atmosférických hrách. Je případné mít <b>vhodný kostým</b> (společenský oděv). Aktivnější hráči se mohou pokusit stylizovat se dobovými doplňky do dané epochy (40. léta), ale není to nutné. Veškeré informace obdrží účastníci před započetím larpu.</p>\r\n<h2>Příběh</h2>\r\n			<p>Marocký Tangier je pro vichystickou Francii jednou z posledních bran do západního světa. Je konec roku 1943 a v klubu American se tak jako každý týden sešla zajímavá společnost. Mám na mysli ten typ lidí, kteří dokáží být i v přeplněném lokále sami. Dnes večer ale poklidnou atmosféru narušila francouzská policie, když přímo v klubu zatkla muže podezřelého ze špionáže pro spojence. A hned se rozneslo, že ve hře jsou diplomatické pasy ukradené z místního úřadu. Takové, které jsou volným výjezdním lístkem z obležené Evropy, a možná i něco víc.</p>\r\n			', 'Petr "Čiki" Kuběnský, František Vondrák; Halahoj ', '2012-10-13', 0, 0, 0, '../../temp/img/larp/minulost.jpg', 'http://halahoj.org/media/larpy', '', 'Nevinná vinárna (<a href="http://www.mapy.cz/s/5nm1">Radlická 94, Praha 5</a>)', '10:00:00', '<span>Halahoj</span>tematický víkend'),
(6, 'Sen o můze', '<p>Peníze? Moc? Sláva? Jsou to jenom prázdná slova, nebo je to odměna za napsání bestselleru? Nebo je to daň? A může být daní i svědomí, které vypovídá o tom, jak se kniha vlastně psala? Co když se realita a představy prolínají daleko víc, než se může by komu přišlo možné? Třeba až natolik, že nikdo nebude moct říct, co je realita a co je sen. Pak už jen sestoupí múzy ke spisovatelům, kteří je vyždímají na papír, upíšou svou duši knihám a pak zemřou v zapomnění času. Nebo ne?</p>', '<p>Sen o múze je hra pro pět hráčů (čtyři muži a jedna žena). Kombinuje prvky larpu a divadla, základní rámec scény vám bude sice podán, ale jak s ním vaše postava naloží, bude záležet na vás. Tato hra je plná emocí a vyhrocených situací. Budete si moci prožít život slavného spisovatele ale i neveselý osud múzy. Potřebné věci pro hru dostanete na místě. Samotná hra bude trvat přibližně dvě hodiny.</p>', 'Zbyněk "Killien" Štajer, Klára "Káfa" Žilková; Halahoj', '2012-10-13', 0, 0, 0, '../../temp/img/larp/muza.jpg', 'http://halahoj.org/media/larpy', '', 'Čajovna Šamanka (<a href="http://www.mapy.cz/s/5nmi">Hálkova 8, Praha 2</a>)', '16:00:00', '<span>Halahoj</span>tematický víkend'),
(7, 'Hranice', '<p>„Lidi se nemění. Aspoň ne natolik, aby to stálo za řeč…“ -Bela Lieberman</p>\r\n			<p>Sudetská vesnice zaklíněná mezi vrcholky Rychlebských hor. Zdálo by se, že čas na ni zcela zapomněl, ale i sem pronikají ozvuky doby, disharmonické akordy velkých změn. Ale co lidé? Jsou pořád stejní? Ohýbá je doba nebo si vlastní hranici pod sebou podpalujeme vždy sami?</p>', '      <p>Hranice je příběhem několika sedláků z pohraniční české vesnice mezi lety 1940-1950. Larp se odehrává ve třech částech, z nichž každá trvá tři čtvrtě hodiny a každá je zasazená do jiného časového období. Na hru není třeba se speciálně připravovat, je ale nutné vzít si <b>venkovský kostým</b>, který bude zapadat do kontextu hry. Cokoli od manšestráků a košile až po načančaný kroj sem zapadne. Vhledem k tématu hru výrazně doporučujeme hráčům od 18ti let.</p>\r\n\r\n <h2>Příběh</h2>\r\n			<p>V osadě Hraničky žili Češi a Němci pospolu, co místní kronika pamatuje. Jediné dvě věci, na kterých totiž opravdu záleží jsou Bůh a grunt a ty jsou odvždycky stejné. “Cizáků” se místní straní, ale je jedno, jestli jde o přistěhovalce z té či oné strany hranice. Válka s tím vším ale navždycky zamíchala a nic už nebude jako dřív.</p>\r\n      <p>Do událostí velkého světa se zcela přirozeně mísí malé, světské starosti a sousedské spory a nad tím vším visí hrozba tajemného žháře, který zapaluje místní usedlosti.</p> 		     ', 'Petr "Čiki" Kuběnský, František Vondrák; Halahoj ', '2012-10-13', 0, 0, 0, '../../temp/img/larp/hranice.jpg', 'http://halahoj.org/media/larpy', '', 'Spodní sál Literární kavárny Řetězová (<a href="http://www.mapy.cz/s/5nlP">Řetězová 10, Praha 1</a>)', '16:00:00', '<span>Halahoj</span>tematický víkend'),
(9, 'Moon', '<p>Moon je krátký komorní LARP vycházející volně z prostředí světa známého sci-fi seriálu Firefly. Staví na propracovaných příbězích každé z postav a důležitých rozhodnutích, která musí učinit za ostatní obyvatele osady. Věříme, že hra hráčům poskytne materiál k zamyšlení a hledání odpovědí na různé otázky a že se stane víc než "jenom" zábavou.</p>', '<p>Moon je krátký komorní LARP vycházející volně z prostředí světa známého sci-fi seriálu Firefly. Staví na propracovaných příbězích každé z postav a důležitých rozhodnutích, která musí učinit za ostatní obyvatele osady. Věříme, že hra hráčům poskytne materiál k zamyšlení a hledání odpovědí na různé otázky a že se stane víc než "jenom" zábavou.<p>\r\n\r\n <h2>Co mě čeká?</h2>\r\n			<p>Především dvě a půl hodiny atmosférické a napínavé hry, ve které se stanete jedním z osadníků relativně nedávno osídleného měsíce. Doba není jednoduchá. Aliance, velké a vyspělé společenství, se prý chystá pohltit některé z okolních planet a Nezávislé planety prý vyzbrojují dobrovolníky. Těm se kvůli jejich charakteristickým uniformám říká Hnědokabátníci: jsou odhodlaní, přesvědčení, ale oproti vojákům Aliance zpravidla pouze slabě vyzbrojení.</p>\r\n			<p>Znalcům seriálu Firefly můžeme prozradit, že děj naší hry se odehrává ještě před válkou mezi Aliancí a Nezávislými, tedy před dějem samotného seriálu. Ty, kteří o seriálu nikdy neslyšeli, naopak můžeme uklidnit, že jejich zážitek ze hry nebude nijak ochuzen. Řekněme jenom, že jde o svět, ve kterém vedle velmi vyspělých planet ve Středu, které jsou pod vládou Aliance, existují také Nezávislá vnější území, která nejsou svou atmosférou nepodobná období kolonizování Ameriky. Tedy sci-fi ve westernovém hávu.</p>\r\n\r\n <h2>Koho si můžu zahrát?</h2>\r\n			<p>Zahrajete si jednoho z významných mužů a žen, kteří v osadě Moon něco znamenají, a kteří se pravidelně schází v haciendě guvernéra Benedikta Greye. Každý z vás si prožil své, ne vždy se máte rádi, ale váš neformální poradní hlas ovlivňuje chod celé osady, a proto se zpravidla dohodnete.</p>\r\n\r\n <h2>Jak to bude probíhat?</h2>\r\n			<p>Podívejte se na <a href="http://moon.madfairy.cz/?p=postavy" target="_blank">seznam postav</a> a po přihlášení si vyberete, kterou z postav byste chtěli a kterou nechtěli hrát. My vám pak zhruba tři dny předem pošleme materiály k postavě, které si budete moct předem pročíst a připravit si k ní velmi jednoduchý kostým.</p>\r\n			<p>Hráči komorních LARPů jistě zaznamenali změnu, oproti zaběhnuté tradici. Věříme, že rozdělením postav před hrou Vám umožníme vybrat si takovou postavu, jakou chcete, pročíst ji v dostatečném předstihu a promyslet si, jak ji budete hrát. Věříme, že naši důvěru nezklamete a na hru opravdu dorazíte. Pokud ne, zkazíte zážitek svým spoluhráčům.</p>\r\n			<p>Vlastní hra vám zabere 4 až 5 hodin, z toho asi půl hodiny věnujeme přípravě před hrou a hodinu její reflexi (tu považujeme za důležitou a nedílnou součást naší hry). Veškeré kostýmy, materiály a rekvizity na vás již budou čekat. Poprosíme vás pouze, abyste si předem přečetli nebo poslechli úvodní příběh. Nezabere vám to víc než čtvrt hodiny.</p>\r\n			<p>Na začátku si rychle zopakujeme, co by měli všichni znát, seznámíme vás s těmi několika málo pravidly, která ve hře existují, a případně detailněji probereme, co to takový LARP vlastně je. Úvod hry je postaven na několika předem určených scénách, které vám pomohou rozehrát vaši postavu, nastavit vztahy a otevřít některé zápletky. Dál hra pokračuje zcela ve vaší režii a trvá asi dvě a půl hodiny. Po jejím konci si sedneme a řekneme si, jak to vlastně bylo, co jsme prožili, co se nám líbilo a co ne, ale také co si kdo ze hry odnesl.</p>\r\n', 'Martin "Pirosh" Buchtík, Filip Kábrt a Mad Fairy o.s. ', '2012-10-23', 6, 1, 3, '', '<a href="moon.madfairy.cz/">Moon</a>', '', 'Domeček, Sedmidomky 150 ', '18:30:00', ''),
(10, 'Vlna', '<p>Komorní LARP Vlna se odehrává na pozadí postapokalyptické totalitní společnosti roku 2051. Hráči během LARPu ztvární členy odbojového hnutí, známého jako Vlna, kteří se dostali do situace, kdy jejich rozhodnutí může ovlivnit budoucnost lidstva. Do situace, která vyzkouší jejich přesvědčení i ochotu obětovat nejen sebe samé.</p>', '<p>Dne 17.5.2025 přestal existovat svět tak, jak ho známe. Ve 4:26 washingtonského času dopadla na hlavní město Spojených států amerických raketa s jadernou hlavicí vystřelená z oblasti Libyjské pouště a srovnala město i jeho okolí se zemí. O 7 minut a 54 sekund později reaguje na útok americká armáda a rozpoutává nejkratší válku v dějinách lidstva. Během necelých 24 hodin zahyne převážná část populace naší planety. Ve Spojených státech amerických se moci ujímá vládnoucí uskupení známé jako Kruh a vyhlašuje výjimečný stav... To vše se odehrálo před 26 lety. Dnes, v roce 2051, je jedinou svrchovanou mocí planety Země Kruh a jeho armáda. Výjimečný stav platí od roku 2025 a většina lidí se smířila s tím, že nikdy platit nepřestane. Ale ještě stále tu jsou lidé, kteří se nevzdali touhy po svobodě…</p>\r\n<p>Komorní LARP Vlna je konverzační LARP pro šest hráčů – čtyři muže a dvě ženy. Příběh se odehrává v roce 2051 nedaleko Los Angeles v bývalých Spojených státech amerických. Příběh je vystavěn ve světě budoucnosti, veškerá potřebná historická fakta budou zaslána hráčům s předstihem e-mailem, informace o svých postavách obdrží hráči na místě před začátkem hry na cca. dvou stránkách formátu A4. V LARPu se nevyskytuje magie či nadpřirozené jevy jakéhokoli charakteru.</p>\r\n<p>LARP Vlna je určen pro hráče nad 18 let (či alespoň zkušené hráče nižšího věku).</p>', 'Martin „Doktor“ Čepelík ', '2012-11-01', 4, 2, 0, 'http://img707.imageshack.us/img707/8013/vlnaq.jpg', '', '', 'Divadlo D21, <a href=', '19:00:00', ''),
(11, 'Cesta dlouhým dnem do noci', '<p>Další večer. Znovu padla mlha. Znovu ta strašná mlhová siréna. Znovu se všichni opijí. A všichni budete sami. Zoufalí. A v rodinném kruhu.\r\nDalší den, co spěje dlouhou cestou do noci. Aby byl následován dalším, stejně bezútěšným.</p>', '<p>Cesta dlouhým dnem do noci je komorní čtyřhodinový LARP o staré bolesti, na motivy osobního dramatu Eugena O''Neilla. Pojednává o lámání duševních tabu postav, o nezměrném utrpení a osamění mezi nejbližšími. O bludném kruhu obviňování a následného sebemrskačství, které je opět střídáno obviňováním. Postavy nemají žádné cíle ani úkoly, kterými by se měly zabývat. Jsou takové, jaké jsou, a s tím LARP pracuje.</p>\r\n\r\n<p>Vzhledem k tématům vztahujícím se k drogové problematice, alkoholové závislosti a rodinným konfliktům vhodné pro účastníky starší 18 let.</p>\r\n\r\n<p>Hráč si na místě vybere jednu ze šesti postav, žijící v domácnosti irského přistěhovalce Jamese Tyrona. Dostane dostatek času na to, aby si přečetl informace o postavě, jejichž rozsah nepřekročí čtyři strany A4. Informace jsou většinou velmi osobního charakteru - co si postava nalhává, o čem je skálopevně přesvědčena (většinou se v obou skupinách nacházejí tytéž věci), jaké má vztahy k ostatním.</p>\r\n<p>Larp je koncipován tak, že v rodině Tyronů bude neustále docházet k roztržkám a scénám. Průvodce nebude do hry po celou dobu zasahovat.</p>\r\n\r\n<p>Po skončení larpu bude následovat společná diskuze, kde se proberou zážitky ze hry a usadí se dojmy.</p>\r\n<p>Vzhledem k dramatičnosti hry se může stát, že se hráč v rámci své role dostane do situace, která je mu nepříjemná a vzbuzuje osobní negativní zkušenosti. Larp je hrou, která má sloužit především k zábavě - kdykoli může hráč larp opustit, kdyby začal získávat pocit, že se ho hra nepříjemně dotýká. Není to žádná ostuda, ne všichni máme rodinku jako z reklamy na Ramu.</p>\r\n\r\n<p>Podrobnější informace k larpu Cesta dlouhým dnem do noci jsou zde: <a href="http://www.praguebynight.eu/lv/Cesta_Vseobecne_Informace.pdf">Cesta_Vseobecne_Informace.pdf</a> - prosíme, prostudujte si je předem.</p>\r\n', 'Petra Reinita Lukačovičová', '2012-11-14', 3, 2, 1, 'http://www.praguebynight.eu/lv/img/cesta.jpg', '', '', 'Byt Starostrašnická 52', '19:00:00', ''),
(12, 'Bodlák', '<p>Hra se snaží pracovat jak s lidskými emocemi, tak s uměleckými prvky, přičemž prvkem nejvýraznějším je jednoznačně absurdnost. Ta se projevuje především v neurčenosti prostředí a času, kdy se děj odehrává, ale objevuje se také v některých událostech během hry.</p>', '<p>Dvě významné rodiny ze sousedících vesnic hodlají spojit svou moc skrz sňatek svých dětí. Nebo to tak alespoň má navenek vypadat. Pod povrchem bublá mnoho skrytých nenávistí a historických křivd, které mohou chystanou svatbu zhatit. V rámci Bodláku bude probíhat předsvatební hostina, které se budou účastnit členové obou rodin a některé další významné postavy obou vesnic. Vaše jednání v průběhu hry rozhodne o tom, zda ke svatbě nakonec dojde, a pokud ano, kdo si vlastně bude brát koho. V rolích se potkáte s láskou, stejně jako nenávistí. Spácháte zločin nebo se stanete jeho obětí nebo obojí zároveň. Možná, že se budete i bát věcí, které se budou odehrávat. Budete se potkávat s netolerancí k odchylkám stejně jako s upřímnou snahou pomoci.</p>', 'Jakub Balhar', '2012-11-20', 7, 5, 0, 'http://img824.imageshack.us/img824/5286/bodlaklogo.png', '<a href="http://www.pilirionos.org/projekty/probehle-akce/bodlak">Web</a>', '', ' Spodní sál Literární kavárny Řetězová (<a href="http://www.mapy.cz/s/5nlP">Řetězová 10, Praha 1</a>)', '19:00:00', ''),
(13, 'Odznak', '<p>Zvláštní zásahová jednotka mající na starost boj s organizovaným zločinem v losangelském Farmingtonu přišla o jednoho ze svých členů. Staňte se jedním z policistů, kteří by také dost dobře mohli být postavami kriminálních seriálů. Odznak je hra vystavěná na konverzaci, napětí a atmosféře.</p>', '<p>Farmington. Nejhnusnější čtvrť v LA. Srdce organizovaného zločinu, lidská džungle plná děvek a feťáků, velké množství přistěhovalců jen podporuje rasově motivované útoky, které jsou na denním pořádku. Místo, kde sehnat balíček herionu je výrazně jednodušší než si koupit dnešní noviny.</p>\r\n\r\n<p>Před půl rokem byla za velké účasti médií v srdci Farmingtonu otevřena nová policejní stanice, kterou místní důvěrně nazývají Stodola.</p>\r\n\r\n<p>Půl roku práce přineslo výrazné snížení kriminality v ulicích, na čemž nese velký podíl speciální zásahová jednotka. Jejím úkolem je především boj proti organizovanému zločinu – gangům. Zejména zadržení sice často hovoří o „nestandardních vyšetřovacích postupech“, ale ty zjevně přináší výsledky.</p>\r\n\r\n<p>Noviny jsou úspěchů stanice plné: dopadení masového vraha, rozkrytí sítě arménského gangu, snížení pouliční kriminality na třetinu.</p>\r\n\r\n<p>Dnešní zpráva v novinách je však smutná: „Jeden z členů farmingtonské zásahovky zastřelen při výkonu služby“.</p>\r\n\r\n<p>Odznak je konverzační komorní LARP z prostředí divoké čtvrti současného Los Angeles, žánrově by se dal označit jako „seriálová detektivka“ (hra samotná je inspirována televizním seriálem The Shield, jehož znalost před hrou výrazně NEdoporučujeme).</p>\r\n\r\n<p>Můžete očekávat množství zápletek, dramatické divadelní situace, možnost hráčů výrazně ovlivnit chod hry. Naopak pokud byste radši řešili policejní případy skrze množství připravených indicií, máte rádi jasně určený příběh, který vám zaručuje zábavu, můžete být hrou zklamáni.</p>\r\n\r\n<p>Každý z osmi hráčů bude představovat jednoho z policistů stanice ve Farmingtonu. Dostane jednak obecné instrukce, ale také samozřejmě informace o své postavě. Těch je poměrně hodně, nicméně hráč bude jasně vědět, které jsou pro jeho hru nejdůležitější, ostatní spíše dokreslují kontext situace. Hra samotná trvá zhruba dvě hodiny, po ní následuje zpětná vazba. Formát tedy odpovídá obecné představě o tom, jak by měl vypadat komorní LARP.</p>\r\n\r\n<p>Odznak je určen primárně pro hráče, kteří již mají s LARPy nějakou zkušenost. Hra klade nároky na vžití se do prostředí, práci s herními informacemi a zejména určitou seberegulaci ve směru snahy hru vyhrát (ano, některé postavy mohou hru vyhrát v prvních deseti minutách – ale to není cílem hry).</p>\r\n\r\n<p>Před hrou si prosím přečtěte <a href="http://www.praguebynight.eu/lv/odznak_info.pdf">úvodní informace</a>.</p>\r\n', 'Kamil Buchtík a Martin Buchtík', '2012-11-29', 4, 1, 3, '../../temp/img/larp/odznak.jpg', '', '', 'Těšnov 5, Praha 1', '18:30:00', ''),
(14, 'Hra', '<p>Vážená paní / Vážený pane, přijměte, prosím, laskavé pozvání na jeden mimořádný večírek s mimořádnými hosty. Věřím, že na tento večírek budete vzpomínat do konce Vašeho života. Rozhodnete-li se moji nabídku přijmout, dostavte se, prosím, na adresu 1727 Salisbury Street, St. Louis dne...</p>', '<p>Jeden pokoj, jeden hostitel, šest hostů, šest příběhů, teď a jen o něco dále než tady. To je komorní LARP Hra. Rozhodnete-li se přijmout pozvání na tento LARP, ztvárníte během necelých tří hodin\r\njednoho z hostů tohoto zvláštního setkání. Hra je především konverzačním LARPem, který je zaměřen na prožívání pocitů jednotlivých postav, které si přinesly svůj příběh do jednoho bytu kdesi\r\nv americkém St. Louis.</p>\r\n\r\n<p>Komorní LARP Hra je určen pro šest hráčů – tři muže a tři ženy. Příběh se odehrává v současnosti v americkém St. Louis a není potřeba předem znát žádná zvláštní fakta ohledně místa, kde se Hra\r\nodehrává či reálií současných Spojených států. Příběh je vystavěn v reálném světě, bez přítomnosti magie či nadpřirozených jevů jakéhokoli charakteru. Informace o jednotlivých postavách obdrží hráči před začátkem hry na jednom papíru formátu A4.</p>\r\n\r\n<p>Vzhledem k tématům, kterých se komorní LARP Hra dotýká, i věku jednotlivých postav je LARP Hra určen pro hráče nad 18 let (či alespoň zkušené hráče nižšího věku).</p>', 'Martin „Doktor“ Čepelík', '2012-12-06', 3, 3, 0, 'http://choutkovakristyna.sweb.cz/hra-logo.jpg', '', '', 'Přespolní 14, Praha 10 (byt Buchtík) ', '19:00:00', ''),
(15, 'I speak only da TRUTH', '<p>Přístavní čtvrť je nejtvrdší místo v celém New Orleans. Bylo tomu tak i před hurikánem, ale po něm zmizela třetina obyvatel a život v New Orleans je ještě nebezpečnější než dříve.</p>\r\n\r\n<p>Propojení organizovaného zločinu a špiček policie už kritizují dokonce i někteří borci z ghetta. Vraždy, drogy a ilegálové tlačí obyčejné lidi do rohu. Říká se, že New Orleans už pomůže jenom zázrak.</p>', '<p>Příběh se odehrává v čase po hurikánu Katrina, který způsobil vážné povodně. V důsledku toho tisíce lidí přišly o své životní jistoty, mnoho jich odešlo a jiní se dali na dráhu zločinu. Nárůst kriminality byl závratný a částečně paralyzovaná policie tomu nejen nebyla schopna zabránit. Koneckonců většina z vedení na tom vydělala snad ještě víc než dealeři drog.</p>\r\n\r\n<p>Hráči se dělí na dvě skupiny. Jedna začíná na policejní stanici a druhá v jednom z lepších domů přístavní čtvrti. Setkáme se s lichvou, vydíráním, prostitucí, vírou, násilím a korupcí. Hra je založená na komplikovaných vazbách mezi postavami, dramatických scénách a hlavně problémech, které se musí řešit hned a které se týkají osobně každé jedné postavy.</p> \r\n\r\n<p>Hra tvá 6-8 hodin</p> ', 'David Wagner, Matěj Sybr, Petr Platil, Roman Čech ', '2012-12-15', 9, 2, 1, 'http://hraj.larp.cz/download/image.picture.92c632d877ee7653.54525554482e6a7067.jpg', '', '', 'Institut certifikovaného vzdělávání (Křižíkova 16, Praha 8)', '13:00:00', ''),
(16, 'Rodinná oslava', '<p>Larp o malých mezilidských bolístkách i hlubokých šrámech na duši. Larp příliš reálný na to, aby byl zábavný.</p>', '<p>Během larpu budeš ztvárňovat jednoho z členů rodiny Kratochvílových, kteří se sjeli na oslavu 70. narozenin svého dědečka. Rodinná idyla však nemá dlouhého trvání – na povrch začnou vyplouvat zašlé vzpomínky a traumata. Reálné prostředí, osudy obyčejných lidí a silná vazba na současnou společenskou i politickou situaci způsobí, že se ti larp svojí realističností dostane pod kůži.</p>\r\n<p>Co na mě čeká\r\n\r\n        <li>komorní larp o náročných životních situacích\r\n        <li>rozkrývání těžkých a bolestivých témat\r\n       <li>rodinné drama plné pohnutých osudů a promlčených křivd\r\n        <li>psychicky náročný zážitek\r\n       <li>larp volně inspirovaný filmem Festen</p>\r\n\r\n<p>Jsou věci, se kterými se můžeš svěřit jen svým nejbližším. Ale možná ani jim ne.</p>', 'Court of Moravia', '2012-12-08', 6, 4, 0, 'http://www.courtofmoravia.com/Img/oslava-znacka.png', '<a href="http://www.courtofmoravia.com/larpy/rodinna-oslava/">Rodinná oslava</a>', '', 'Přespolní 14, Praha 10 (byt Buchtík)', '10:00:00', '<span>Court of Moravia</span>tematický víkend'),
(17, 'Klub sebevrahů', '<p>Členství v tomto uzavřeném klubu je výhradně doživotní. Larp o dekadenci a ceně lidského života.</p>', '<p>Ďábelský předseda Jesperson svolal další schůzku Klubu sebevrahů, jež má určit, kteří členové budou dále žít své životy v luxusu a s kým se klub nadobro rozloučí. V průběhu rituálu losování oběti se budeš chvět strachy, aby si paní štěstěna nevybrala právě tvoje jméno, či naopak nad šálkem anglického čaje doufat, že kapka inkoustu zpečetí osud nějakého tvého soka.</p>\r\n<p>Co na mě čeká\r\n\r\n       <li>komorní larp z prostředí viktoriánské Anglie inspirovaný stejnojmennou povídkou R. L. Stevensona\r\n       <li>hazardování s lidskými životy\r\n       <li>intrikánství tajné společnosti\r\n       <li>rituální losování\r\n       <li>dekadentní prostředí larpu</p>\r\n\r\n<p>Členství v klubu je doživotní. Je na tobě ovlivnit, kdo z členů vašeho tajného společenstva již příště nedorazí.\r\nMateriály ke hře</p>\r\n\r\n<p>Vše podstatné dostaneš do rukou vytištěné přímo na místě, můžeš se však dopředu naladit přečtením pár stran s informacemi o viktoriánské době. <a href="http://www.courtofmoravia.com/files/ks_obecne.pdf">Materiály ke Klubu sebevrahů [PDF – 0,5 MB]</a></p>', 'Court of Moravia', '2012-12-08', 6, 2, 2, 'http://www.courtofmoravia.com/Img/klub_sebevrahu-znacka.png', '<a href="http://www.courtofmoravia.com/larpy/klub-sebevrahu/">Klub sebevrahů</a>', '', 'Kavárna Boží mlýny (Salmovská 2036/15, Praha)', '16:00:00', '<span>Court of Moravia</span> tematický víkend'),
(18, 'Kořist', '<p>Drsný larp plný černého humoru a referencí na filmy Quentina Tarantina.</p>', '<p>Kořist je nadsazený drsný příběh plný vulgarit a černého humoru ve stylu filmů jako Reservoir Dogs nebo Pulp Fiction. V Kořisti se staneš členem bandy vysloužilých gangsterů, kteří se setkávají po desíti letech, aby si rozdělili tučný lup. Protože ale všichni kolem ví, že třeba devíti se dělí mnohem výhodněji než desíti, čekají tě skutečně horké chvilky.</p>\r\n<p>Co na mě čeká\r\n\r\n        <li>komorní larp ze světa tarantinovské poetiky plné profesionálních zlodějů a podvodníků\r\n        <li>zápletky k vyřešení\r\n        <li>nadsázka, vulgarita a černý humor\r\n        <li>vyhrocené situace a dějové zvraty\r\n        <li>relativně vážná hra s odlehčeným tématem</p>\r\n\r\n<p>Bude jen na tobě, jestli se ti podaří dostat ty správné kulky do správných čel a nakonec odejít se svým podílem.</p>', 'Court of Moravia', '2012-12-08', 7, 2, 1, 'http://www.courtofmoravia.com/Img/korist-small.png', '<a href="http://www.courtofmoravia.com/larpy/korist/">Kořist</a>', '', 'Klubovna Masarykova (Jana Masaryka 19)', '10:00:00', '<span>Court of Moravia</span>tematický víkend'),
(19, 'Sestup', '<p>Argumentační larp o vypjatých konfliktech na palubě miniponorky.</p>', '<p>Čtyři kilometry pod arktickým ledem je třeba vzdorovat mnoha věcem – nedostatku kyslíku, obrovskému tlaku drtícímu ponorku a charakterům svých kolegů, které se teprve v krizové situaci ukážou v pravém světle. Děj larpu Sestup se opírá o skutečné události mezinárodního sporu kolem vlastnictví Arktidy a <a href="http://en.wikipedia.org/wiki/arktika_2007/">expedice Arktika 2007</a>, která měla prokázat ruský nárok na ropná naleziště pod severním pólem. Těžištěm larpu je konflikt, který se rozhoří na palubě klesající ponorky mezi zástupci pěti znesvářených států.</p>\r\n<p>Co na mě čeká\r\n\r\n        <li>komorní larp s politických podtextem\r\n        <li>argumentační diplomatická hra\r\n        <li>rozhodování ve vypjaté situaci pod tlakem\r\n        <li>interaktivní počítačové rozhraní ponorky\r\n       <li>fiktivní scénář na základě reálného konfliktu</p>\r\n\r\n<p>Jaká je skutečná hodnota ropných nalezišť v porovnání s osobními ideály, morálkou nebo cenou lidského života?</p>\r\n\r\n<p>Vše podstatné dostaneš do rukou vytištěné přímo na místě, můžeš se však dopředu naladit přečtením pár stran, které předají informace o situaci i politickém kontextu. <br>\r\n<a href="http://www.courtofmoravia.com/files/sestup_info.pdf">Obecné informace o larpu [PDF – 0,8 MB]</a><br>\r\n<a href="http://www.courtofmoravia.com/files/sestup_news.pdf">Novinové zprávy vztahující se ke konfliktu [PDF – 0,3 MB]</a></p>\r\n\r\n', 'Court of Moravia, Softwarové rozhraní: Petr „Afri“ Müller', '2012-12-08', 6, 1, 5, 'http://www.courtofmoravia.com/Img/sestup-znacka.gif', '<a href="http://www.courtofmoravia.com/larpy/sestup/">Sestup</a>', '', 'CEVRO klub Ponorka (Jungmannova 28/17, Praha 1)', '16:00:00', '<span>Court of Moravia</span>tematický víkend'),
(20, 'Blok D', '<p>Vlak konečně začal zpomalovat, bylo slyšet pískání brzd, až nakonec s trhnutím zastavil úplně.Kdyby vagón nebyl tak strašně přeplněný, mnozí lidé by určitě popadali na zem. Takhle se jen ještě víc natlačili na své sousedy a ozvalo se několik přidušených vyjeknutí. Zvenku byly slyšet přibližující se rychlé kroky, štěkot psů a několik strohých příkazů v němčině. Pak se dveře vagónu prudce otevřely. Muž v šedomodré uniformě vás vyhnal na nástupiště. Stáli jste namačkaní jeden vedle druhého, mžourali do prudkého slunečního světla. Někteří z vás se třásli pod náporem chladného větru, který s sebou přinášel i podivný, nepříjemný zápach. Pak další uniformovaní muži vepředu zaveleli a celý ten zástup lidí se pomalu pohnul kupředu. Klopýtali jste podél koleje. Pak, při pohledu vzhůru, jste spatřili váš cíl. Před vámi se tyčila masivní železná brána, vysoký plot z ostnatého drátu se strážní věží. A za ním řady dřevených baráků mezi kterými apaticky postávaly hubené postavy, všechny oblečené ve stejném pruhovaném mundůru…</p>', '<p>Píše se rok 1944 a kdesi v Polsku, na místě, jehož existenci mnozí pouze tuší, se začíná odehrávat příběh, kteý dokazuje, že dokud má člověk naději, nic není ztraceno. Je podzim u městečka Belžec, kde se za hradbou ostnatých drátů rozhodne pár lidí pro něco až bláznivě odvážného – utéct.</p>\r\n<p>Komorní larp Blok D se odehrává v prostředí smyšleného koncentračního tábora během druhé světové války. Ve hře ztvárníte jednu z osmi postav, které se z různých důvodů ocitly na stejném místě – v opuštěném baráku v nepoužívaném bloku D – kde se společně chystají naplánovat útěk. Každý hráč si před hrou vybere jednu z postav, k níž následně dostane informace na několika listech papíru, které mu přiblíží jeho minulost, to, proč se do koncentračního tábora dostal, i vztahy k ostatním ve hře. Před hrou vás Průvodce stručně uvede do situace a zodpoví vaše případné dotazy. K účasti na tomto larpu ale není potřeba mít nastudované žádné historické reálie, jde především o vztahy mezi jednotlivými postavami, osobní pohnutky a vnitřní konflikty, které postava musí řešit.</p>\r\n<p>Tento larp je vzhledem k tématům, kterých se dotýká, doporučen pro hráče od 18 let (nebo alespoň pro zkušené hráče nižšího věku).</p>', 'Katka „Nilwine“ Soudková', '2012-11-08', 4, 2, 2, 'http://img40.imageshack.us/img40/9679/logoblokd.jpg', '', '', 'Klubovna Masarykova (Jana Masaryka 19)', '19:00:00', ''),
(21, 'Vlna', '<p>Komorní LARP Vlna se odehrává na pozadí postapokalyptické totalitní společnosti roku 2051. Hráči během LARPu ztvární členy odbojového hnutí, známého jako Vlna, kteří se dostali do situace, kdy jejich rozhodnutí může ovlivnit budoucnost lidstva. Do situace, která vyzkouší jejich přesvědčení i ochotu obětovat nejen sebe samé.</p>', '<p>Dne 17.5.2025 přestal existovat svět tak, jak ho známe. Ve 4:26 washingtonského času dopadla na hlavní město Spojených států amerických raketa s jadernou hlavicí vystřelená z oblasti Libyjské pouště a srovnala město i jeho okolí se zemí. O 7 minut a 54 sekund později reaguje na útok americká armáda a rozpoutává nejkratší válku v dějinách lidstva. Během necelých 24 hodin zahyne převážná část populace naší planety. Ve Spojených státech amerických se moci ujímá vládnoucí uskupení známé jako Kruh a vyhlašuje výjimečný stav... To vše se odehrálo před 26 lety. Dnes, v roce 2051, je jedinou svrchovanou mocí planety Země Kruh a jeho armáda. Výjimečný stav platí od roku 2025 a většina lidí se smířila s tím, že nikdy platit nepřestane. Ale ještě stále tu jsou lidé, kteří se nevzdali touhy po svobodě…</p>\r\n<p>Komorní LARP Vlna je konverzační LARP pro šest hráčů – čtyři muže a dvě ženy. Příběh se odehrává v roce 2051 nedaleko Los Angeles v bývalých Spojených státech amerických. Příběh je vystavěn ve světě budoucnosti, veškerá potřebná historická fakta budou zaslána hráčům s předstihem e-mailem, informace o svých postavách obdrží hráči na místě před začátkem hry na cca. dvou stránkách formátu A4. V LARPu se nevyskytuje magie či nadpřirozené jevy jakéhokoli charakteru.</p>\r\n<p>LARP Vlna je určen pro hráče nad 18 let (či alespoň zkušené hráče nižšího věku).</p>', 'Martin „Doktor“ Čepelík', '2013-01-10', 4, 2, 0, 'http://img707.imageshack.us/img707/8013/vlnaq.jpg', '', '', 'Divadlo D21 (Záhřebská 21)', '19:00:00', ''),
(22, 'Derniera', '<p>Derniéra je krátký komorní larp z divadelního prostředí plného pověr a tabu. Hráči v tomto larpu ztvární dvojí roli — jednoho z herců improvizační skupiny Naruby, ale také jednu z postav divadelní hry Abrakadabra.</p>', '<i><p>"Abrakadabra”, divadelní hra z prostředí léčebny duševně chorých, byla zatím nastudována pouze jednou. Její premiéru 14. února roku 1945 tragicky ukončil nálet amerického letectva. Radlické divadlo bylo při tomto kobercovém bombardování zcela zničeno. Událost se obešla bez obětí z řad diváků, ale nikdo z herců tragédii nepřežil.</p>\r\n<p></p>\r\n<p>Od té doby se hra “Abrakadabra” teší mezi příslušníky divadelní branže až strašidelné pověsti. Proto bylo pro mnohé překvapením, když populární improvizační skupina “Naruby” zařadila tento kus do svého programu. Divadelní svět je rozdělen — jedni tento počin odsuzují jako neúctu k hercům, kteří zemřeli v Radlickém divadle, druzí hovoří o rouhání a hazardování s věcmi, kterým nerozumíme. “Naruby” ovšem nedopřávají sluchu ani pověrám ani odsudkům, na které jsou ostatně ze svého působení zvyklí.</i></p>\r\n<p></p>\r\n<p>Oblíbená improvizační skupina v poslední době sklízí jeden úspěch za druhým, uvidíme, jak si poradí s touto výzvou. Já 10. dubna rozhodně budu sedět v hledišti kobyliského divadla.</p>\r\n<p></p>\r\n<p>Derniéra je krátký komorní larp z divadelního prostředí plného pověr a tabu. Hráči v tomto larpu ztvární dvojí roli — jednoho z herců improvizační skupiny Naruby, ale také jednu z postav divadelní hry Abrakadabra. Netřeba však dopředu studovat žádný part, Naruby je skupina improvizační, která si předlohy bere pouze jako vodítko či inspiraci. Veškeré potřebné informace budou obsaženy na několika listech formátu A4 a budou vesměs hlavně orientační. Před hrou bude rovněž příležitost přečíst si krátký výtah z divadelní hry Abrakadabra. O kostýmy se rovněž nemusíte starat, budou vám zapůjčeny.</p>\r\n<p></p>\r\n<p>Larp je zaměřen nejen na prožívání a rozhodování v kůži někoho jiného, ale také na dramatickou improvizaci na obou úrovních — jak “vně” divadelní hry v roli herce, tak i na prknech,která znamenají svět. Není však třeba se obávat, publikum v našem divadle je pouze fiktivní.</p>\r\n<p></p>\r\n<p>Pro bližší konkrétní informace si před hrou přečtěte <a href="http://www.praguebynight.eu/lv/derniera-obecne-info.pdf">obecné informace</a> a <a href="http://www.praguebynight.eu/lv/derniera-abrakadabra.pdf">scénosled divadelní hry Abrakadabra</a>.</p>', 'David ''Ambeřan'' Maleček', '2013-01-14', 3, 3, 2, 'http://www.praguebynight.eu/lv/img/derniera_logo.png', '', '', 'Divadlo D21 (Záhřebská 21, Praha)', '18:00:00', ''),
(23, 'Cesta dlouhým dnem do noci', '<p>Další večer. Znovu padla mlha. Znovu ta strašná mlhová siréna. Znovu se všichni opijí. A všichni budete sami. Zoufalí. A v rodinném kruhu.\r\nDalší den, co spěje dlouhou cestou do noci. Aby byl následován dalším, stejně bezútěšným.</p>', '<p>Cesta dlouhým dnem do noci je komorní čtyřhodinový LARP o staré bolesti, na motivy osobního dramatu Eugena O''Neilla. Pojednává o lámání duševních tabu postav, o nezměrném utrpení a osamění mezi nejbližšími. O bludném kruhu obviňování a následného sebemrskačství, které je opět střídáno obviňováním. Postavy nemají žádné cíle ani úkoly, kterými by se měly zabývat. Jsou takové, jaké jsou, a s tím LARP pracuje.</p>\r\n\r\n<p>Vzhledem k tématům vztahujícím se k drogové problematice, alkoholové závislosti a rodinným konfliktům vhodné pro účastníky starší 18 let.</p>\r\n\r\n<p>Hráč si na místě vybere jednu ze šesti postav, žijící v domácnosti irského přistěhovalce Jamese Tyrona. Dostane dostatek času na to, aby si přečetl informace o postavě, jejichž rozsah nepřekročí čtyři strany A4. Informace jsou většinou velmi osobního charakteru - co si postava nalhává, o čem je skálopevně přesvědčena (většinou se v obou skupinách nacházejí tytéž věci), jaké má vztahy k ostatním.</p>\r\n<p>Larp je koncipován tak, že v rodině Tyronů bude neustále docházet k roztržkám a scénám. Průvodce nebude do hry po celou dobu zasahovat.</p>\r\n\r\n<p>Po skončení larpu bude následovat společná diskuze, kde se proberou zážitky ze hry a usadí se dojmy.</p>\r\n<p>Vzhledem k dramatičnosti hry se může stát, že se hráč v rámci své role dostane do situace, která je mu nepříjemná a vzbuzuje osobní negativní zkušenosti. Larp je hrou, která má sloužit především k zábavě - kdykoli může hráč larp opustit, kdyby začal získávat pocit, že se ho hra nepříjemně dotýká. Není to žádná ostuda, ne všichni máme rodinku jako z reklamy na Ramu.</p>\r\n\r\n<p>Podrobnější informace k larpu Cesta dlouhým dnem do noci jsou zde: <a href="http://www.praguebynight.eu/lv/Cesta_Vseobecne_Informace.pdf">Cesta_Vseobecne_Informace.pdf</a> - prosíme, prostudujte si je předem.</p>', 'Petra ''Reinita'' Lukačovičová', '2013-01-23', 3, 2, 1, 'http://www.praguebynight.eu/lv/img/cesta.jpg', '', '', 'Milady Horákové 78', '19:00:00', ''),
(24, 'Never let me go', '<i><p>Píše se rok 1994 a díky průlomu v medicíně dosáhl průměrný věk člověka 115 let.</p></i>\r\n<p></p>\r\n<p>Komorní larp dle stejnojmenné knihy Kazua Ishigura od tvůrčí dvojice Petr Peldric Urban a Madla Urbanová. Pro jeho hraní naprosto není nutné znát knižní předlohu ani film</p>', '<i><p>V okamžiku smrti prý každému hlavou proletí celý jeho život. Chvíle štěstí, chvíle smutku. Velká vítězství. Velké prohry. Osudové lásky. Osudové chyby. Osudová rozhodnutí, která navždy změní náš život. Tyto vzpomínky přichází, ať už nás smrt zastihne kdekoliv. Na operačním stole, na smrtelné posteli, v zákopech vykopaných samotnou válkou či jinde. Každý člověk se snaží najít ve svých vzpomínkách tu, která mu jasně dokáže, že zde po něm cosi zůstává a přežívá jej. Vzpomínku, která ukáže, jaký měl jeho život smysl...</p></i>\r\n<p></p>\r\n<i><b><p>Co tu zůstane po Vás?</p></i></b>\r\n<p></p>\r\n<p>Podpůrné texty:</p>\r\n<p></p>\r\n<p>Píše se rok 1994. Lidstvo zažívá obrovský rozvoj přírodních věd. Pokračující úspěchy vědců na lékařském poli, pod vedením geniálního doktora Connorse, překonávají i ty nejpozitivnější představy a sny dob minulých. S rozvojem medicíny se lidé mohou věnovat každodenním záležitostem, svým tajným přáním a touhám. Přední vědci a lékaři z anglické královské společnosti začínají nesměle tvrdit, že není nemoci, se kterou by si nedokázali poradit. A až na největší odpůrce fantastiky z řad novinářů se nenajde výraznějšího hlasu, který by jim odporoval. Děti se rodí zdravější, ubývá případů vrozených vad a tělesných postižení. Lidé se dožívají vyššího věku než kdy dřív a díky nesmírným úspěchům vědy se zvyšuje i celková vzdělanost lidstva, což vede k výrazným pokrokům i v dalších oblastech.</p>\r\n<p></p>\r\n<p>Přesto však je tento rok rokem smutku. Zakladatel „Nové medicíny“, doktor Edmund Connors, před třemi měsíci zahynul za podivuhodných okolností při dalším ze svých pokusů posunout vědu i svět o krok vpřed.</p>\r\n<p></p>\r\n<p>Přes tuto smutnou zprávu fakta zůstávají jasná a neochvějná.</p>\r\n<p></p>\r\n<p>Píše se rok 1994 a díky průlomu v medicíně dosáhl průměrný věk člověka 115 let.</p>\r\n<p></p>\r\n<p>Komorní larp dle stejnojmenné knihy Kazua Ishigura od tvůrčí dvojice Petr ''Peldric'' Urban a Madla Urbanová. Pro jeho hraní naprosto není nutné znát knižní předlohu ani film (naopak, pokud tento příběh neznáte, hra pro Vás bude mít několik překvapení). Z dosavadních ohlasů nicméně vyznívá, že hru si lze plně užít, i pokud tento Ishigurův příběh znáte – hra je událostmi knihy pouze inspirovaná.</p>', 'Petr ''Peldric'' Urban a Madla Urbanová', '2013-02-15', 4, 6, 0, 'http://www.yourkloset.com/wp-content/uploads/2011/11/neverletmego.jpg', '', '', 'Holečkova 38, Praha 5 - Smíchov', '18:00:00', '');
INSERT INTO game (id, name, description, aboutGame, author, date, man_only, women_only, both_genders, image, web, info, place, time_of_game, special_info) VALUES
(25, 'Moon', '<p>Moon je krátký komorní LARP vycházející volně z prostředí světa známého sci-fi seriálu Firefly. Staví na propracovaných příbězích každé z postav a důležitých rozhodnutích, která musí učinit za ostatní obyvatele osady. Věříme, že hra hráčům poskytne materiál k zamyšlení a hledání odpovědí na různé otázky a že se stane víc než "jenom" zábavou.</p>', '<p>Moon je krátký komorní LARP vycházející volně z prostředí světa známého sci-fi seriálu Firefly. Staví na propracovaných příbězích každé z postav a důležitých rozhodnutích, která musí učinit za ostatní obyvatele osady. Věříme, že hra hráčům poskytne materiál k zamyšlení a hledání odpovědí na různé otázky a že se stane víc než "jenom" zábavou.<p>\r\n\r\n <h2>Co mě čeká?</h2>\r\n			<p>Především dvě a půl hodiny atmosférické a napínavé hry, ve které se stanete jedním z osadníků relativně nedávno osídleného měsíce. Doba není jednoduchá. Aliance, velké a vyspělé společenství, se prý chystá pohltit některé z okolních planet a Nezávislé planety prý vyzbrojují dobrovolníky. Těm se kvůli jejich charakteristickým uniformám říká Hnědokabátníci: jsou odhodlaní, přesvědčení, ale oproti vojákům Aliance zpravidla pouze slabě vyzbrojení.</p>\r\n			<p>Znalcům seriálu Firefly můžeme prozradit, že děj naší hry se odehrává ještě před válkou mezi Aliancí a Nezávislými, tedy před dějem samotného seriálu. Ty, kteří o seriálu nikdy neslyšeli, naopak můžeme uklidnit, že jejich zážitek ze hry nebude nijak ochuzen. Řekněme jenom, že jde o svět, ve kterém vedle velmi vyspělých planet ve Středu, které jsou pod vládou Aliance, existují také Nezávislá vnější území, která nejsou svou atmosférou nepodobná období kolonizování Ameriky. Tedy sci-fi ve westernovém hávu.</p>\r\n\r\n <h2>Koho si můžu zahrát?</h2>\r\n			<p>Zahrajete si jednoho z významných mužů a žen, kteří v osadě Moon něco znamenají, a kteří se pravidelně schází v haciendě guvernéra Benedikta Greye. Každý z vás si prožil své, ne vždy se máte rádi, ale váš neformální poradní hlas ovlivňuje chod celé osady, a proto se zpravidla dohodnete.</p>\r\n\r\n <h2>Jak to bude probíhat?</h2>\r\n			<p>Podívejte se na <a href="http://moon.madfairy.cz/?p=postavy" target="_blank">seznam postav</a> a po přihlášení si vyberete, kterou z postav byste chtěli a kterou nechtěli hrát. My vám pak zhruba tři dny předem pošleme materiály k postavě, které si budete moct předem pročíst a připravit si k ní velmi jednoduchý kostým.</p>\r\n			<p>Hráči komorních LARPů jistě zaznamenali změnu, oproti zaběhnuté tradici. Věříme, že rozdělením postav před hrou Vám umožníme vybrat si takovou postavu, jakou chcete, pročíst ji v dostatečném předstihu a promyslet si, jak ji budete hrát. Věříme, že naši důvěru nezklamete a na hru opravdu dorazíte. Pokud ne, zkazíte zážitek svým spoluhráčům.</p>\r\n			<p>Vlastní hra vám zabere 4 až 5 hodin, z toho asi půl hodiny věnujeme přípravě před hrou a hodinu její reflexi (tu považujeme za důležitou a nedílnou součást naší hry). Veškeré kostýmy, materiály a rekvizity na vás již budou čekat. Poprosíme vás pouze, abyste si předem přečetli nebo poslechli úvodní příběh. Nezabere vám to víc než čtvrt hodiny.</p>\r\n			<p>Na začátku si rychle zopakujeme, co by měli všichni znát, seznámíme vás s těmi několika málo pravidly, která ve hře existují, a případně detailněji probereme, co to takový LARP vlastně je. Úvod hry je postaven na několika předem určených scénách, které vám pomohou rozehrát vaši postavu, nastavit vztahy a otevřít některé zápletky. Dál hra pokračuje zcela ve vaší režii a trvá asi dvě a půl hodiny. Po jejím konci si sedneme a řekneme si, jak to vlastně bylo, co jsme prožili, co se nám líbilo a co ne, ale také co si kdo ze hry odnesl.</p>\r\n', 'Martin ''Pirosh'' Buchtík, Filip Kábrt a Mad Fairy o.s.', '2013-02-04', 6, 1, 3, 'http://choutkovakristyna.sweb.cz/viewer.png', 'http://moon.madfairy.cz/', '', 'Bělehradská 51, Praha 2 (klubovna Škuner)', '18:00:00', ''),
(26, 'Sanatorium', '<p>V sanatoriu profesora Levina na uzavřeném oddělení se setkává šest pacientů. Kdo je šílený? Kdo ne? A může mít vlastně šílenec pravdu? Každá z postav bude v průběhu příběhu konfrontována s realitou, která pro ni vůbec nemusí být příznivá.</p>', '<p>Hra se zabývá tématem viny a odpuštění. Postavy se musí vyrovnat s bezvýchodností své situace i s informacemi, které o sobě zjišťují, protože nic není, jak se zdá.</p>', 'Lucie Chlumská', '2013-01-31', 3, 2, 1, 'http://minifestival.zelenelarpy.cz/images/sanatorium.jpg', '', '', 'Jana Masaryka 19, Praha', '19:00:00', ''),
(27, 'Zrcadlová místnost', '<p>Během okamžiku dezorientace jste všichni přemístěni do místnosti bez dveří a oken, zato plné zrcadel. V místnosti je dostatek jídla, pití i dalších nezbytností. Vše naznačuje, že si zde nějakou dobu pobudete.</p>', '<p>Navzájem jste si cizinci, znáte se málo nebo vůbec a spojuje vás především to, že naprosto nechápete co se s vámi stalo. S tím jak plyne čas roste napětí a přibývají požadavky a nutí vás to přehodnocovat své morální zásady a zodpovědět otázku, kam až lze zajít bez ztráty lidskosti, sobě i stínům skrytým za zrcadly.</p>\r\n<p></p>\r\n<p>Tento larp je založený na atmosféře. Postavy jsou zaměřené více na prožívání než na plnění nějakých konkrétních cílů.</p>', 'Shifting Forrest Storyworks, český překlad a zpracování Balda', '2013-02-21', 1, 1, 6, 'http://www.pilirionos.org/_/rsrc/1333296501633/projekty/probehle-akce/zrcadlova-mistnost/zrcadloLogo.jpg', '', '', 'Jana Masaryka 19, Praha', '19:00:00', ''),
(28, 'Telenovela', '<p>Láska. Nenávist. Štěstí. Strach. Přátelství. Závist. A láska. Nejlepší venezuelská telenovela všech dob nese název Dny našich životů. Je plná emocí a zvratů. V centru dění se nachází dvě znesvářené rodiny - Lanzovi a Pereirovi. Příběhy jejich členů se již po desetiletí splétají a vytvářejí situace, které tak dobře známe z vlastních životů. Jen větší a lepší. Vraždy, osudové lásky, nevěry, nevlastní děti a šťastné náhody. Dny našich životů jsou i dny vašich životů! </p>', '<p>Larp je parodií na klasické telenovely. Čekejte zásadní zvrat v každé epizodě, neuvěřitelné herecké výkony a dlouhé pohledy do kamery. Telenovela je krátký larp pro 7 mužů, 6 žen a 1 ženu převlečenou za muže. Hra je dělená na epizody a má pevně daný děj. Celou hrou provází duo slavných producentů José a Pepé. </p>', 'Kamil Buchtík, Radek Morávek ', '2013-03-03', 7, 6, 1, '', '<a href="http://larpovadatabaze.cz/hra.jsp?id=79">http://larpovadatabaze.cz/hra.jsp?id=79</a>', '', 'http://www.lodenice-vltava.cz/kontakty/', '16:00:00', ''),
(29, 'Sanatorium', '<p>V sanatoriu profesora Levina na uzavřeném oddělení se setkává šest pacientů. Kdo je šílený? Kdo ne? A může mít vlastně šílenec pravdu? Každá z postav bude v průběhu příběhu konfrontována s realitou, která pro ni vůbec nemusí být příznivá.</p>', '<p>Hra se zabývá tématem viny a odpuštění. Postavy se musí vyrovnat s bezvýchodností své situace i s informacemi, které o sobě zjišťují, protože nic není, jak se zdá.</p>', 'Lucie Chlumská', '2013-03-07', 3, 2, 1, 'http://minifestival.zelenelarpy.cz/images/sanatorium.jpg', '', '', 'Jana Masaryka 19, Praha', '19:00:00', ''),
(30, 'Terapie tmou', '<p>Hra je volně inspirovaná skutečnou terapií tmou, kdy pacient tráví týden o samotě potmě, pro účely larpu se ale jedná o krátkodobou a hromadnou terapii, kterou poskytuje komerčně zaměřené terapeutické středisko.</p>', '<p>Hra je zasazena do současné doby, do libovolného města ČR (pro hru nepodstatné). Hráči zde představují členy rodiny Šedivých a jejich příbuzné – tedy rodinu, která žila až dosud pod taktovkou otce alkoholika a násilníka. Otec, Jiří Šedivý, však před nedávnem sám terapií prošel a díky ní si uvědomil mnoho věcí a došel poznání, jak hanebným člověkem až dosud byl. Touží po tom, aby i ostatní členové rodiny prošli stejnou kúrou a aby spolu poté vyřešili rodinnou situaci... Povede se to?</p>\r\n<p>Samotná hra se odehrává skutečně potmě, mimo složitosti orientace si hráči také vyzkouší, jaké to je se potmě občerstvit.</p>\r\n<p>Upozornění: Terapie řeší vážné otázky a její průběh by mohl být pro slabší povahy traumatizující – před přihlášením to prosím berte na vědomí.</p>', 'Zuzana Malcová', '2013-03-13', 3, 3, 0, 'https://encrypted-tbn2.gstatic.com/images?q=tbn:ANd9GcScH5eI4aJlnIXIDv8w8EqW5BlI0EYlOnSZ2ODZ5b2AgQd6WJ3P', '', '', 'Jana Masaryka 19, Praha', '18:30:00', ''),
(31, 'Perseus', '<p>Perseus je oddechový, výhradně mužský larp plný vtipu a nadsázky. Jde o hru o vztazích, všedních problémech na vesnici a hlavně o fotbale.</p>', '<p>Připravili jsme hru spíše oddechovou, zaměřenou na tepláky, lahváče a sport: prostě výhradně mužskou! Hru o mezilidských vztazích, hru o všedních problémech na vesnici, ale hlavně hru o fotbale. </p>\r\n<p>Perseus je časově i emočně nenáročná kratochvíle pro právě 11 mužů.</p>', 'David F. Wagner, Eva Mlejnková, Roman Čech, Bára Smutná a Petr Platil', '2013-03-24', 11, 0, 0, 'http://fk-perseus.borec.cz/perseus.jpg', '<a href="http://fk-perseus.borec.cz/">http://fk-perseus.borec.cz/</a>', '', '<a href="http://www.mapy.cz/s/6yMk">Loděnice Vltava, Libeňský ostrov</a>', '14:00:00', ''),
(32, 'Perseus - ženský běh', '<p>Perseus je oddechový, výhradně mužský larp plný vtipu a nadsázky. Jde o hru o vztazích, všedních problémech na vesnici a hlavně o fotbale, který si v tomto případě mohou vyzkoušet ženy!</p>', '<p>Připravili jsme hru spíše oddechovou, zaměřenou na tepláky, lahváče a sport. Hru o mezilidských vztazích, hru o všedních problémech na vesnici, ale hlavně hru o fotbale. Tento běh je speciálně pro ženy.</p>\r\n', 'David F. Wagner, Eva Mlejnková, Roman Čech, Bára Smutná a Petr Platil', '2013-03-24', 0, 11, 0, 'http://fk-perseus.borec.cz/perseus.jpg', '<a href="http://fk-perseus.borec.cz/">http://fk-perseus.borec.cz/</a>', '', '<a href="http://www.mapy.cz/s/6yMk">Loděnice Vltava, Libeňský ostrov</a>', '14:00:00', ''),
(33, 'Sen noci svatojánské', '<p>Blíží se nejkratší noc roku a v Athénách se chystá velká slavnost. Vévoda Theseus se bude ženit. Jeho nastávající je krásná Hippolyta, královna Amazonek. Svatební slavnost bude trvat po tři dny a dvě noci a bude na ní každý, kdo v Athénách něco znamená. Přítomen však bude i král elfů Oberon se svou chotí Titanií a jejich družinou. Slavnost bude jistě velkolepá a unikátní. Přeci na ní nechcete chybět?</p>', '<p>Hra lehká jako elfí políbení a svěží jako lehký vánek za teplé letní noci. Vzkvétající láska mladých a sny a přání chudých se zde setkávají s humorem a kouzly skřítků. Chcete si odpočinout od starostí a vážnosti svého života a nechat se unést bláznivým zamilováním, trochou škodolibosti nebo dávnou touhou?</p>\r\n\r\n<p>Přijměte pozvání na tuto romantickou komedii na moderně-prastarý námět a prožijte si příběh jako ze sna. Nechte si s námi zdát Sen noci Svatojánské.</p>\r\n<p>(Hra se hraje v maskách, které dostanete, nicméně pokud máte na výběr mezi brýlemi a kontaktními čočkami, jsou vhodnější čočky.)</p>\r\n<p><i>Hru na motivy stejnojmenné divadelní hry od Williama Shakespeara vytvořila polská skupina Stowarzyszenie Wielosfer – Kuba Tabisz a Ola Kościewicz. Českou verzi úpravou a překladem polské hry vytvořila Kateřina „Morgain“ Holendová za pomoci a podpory Magdalény „Mirelaridon“ Dariusové. Za pomoc s grafickou stránkou hry děkuji Štěpánce “Štěky” Jakešové a Pavlovi “Sunderovi” Mejstříkovi.</i></p>', 'překlad Kateřina „Morgain“ Holendová', '2013-03-26', 10, 8, 2, 'http://larpovadatabaze.cz/img/games/141ebd54a149e0372d6c824b4a5000f2.jpg', '', '', 'Komunitní centrum Prádelna, Holečkova 38a, Praha 5 - Smíchov', '18:00:00', ''),
(35, 'Derniera', '<p>Derniéra je krátký komorní larp z divadelního prostředí plného pověr a tabu. Hráči v tomto larpu ztvární dvojí roli — jednoho z herců improvizační skupiny Naruby, ale také jednu z postav divadelní hry Abrakadabra.</p>', '<i><p>"Abrakadabra”, divadelní hra z prostředí léčebny duševně chorých, byla zatím nastudována pouze jednou. Její premiéru 14. února roku 1945 tragicky ukončil nálet amerického letectva. Radlické divadlo bylo při tomto kobercovém bombardování zcela zničeno. Událost se obešla bez obětí z řad diváků, ale nikdo z herců tragédii nepřežil.</p>\r\n<p></p>\r\n<p>Od té doby se hra “Abrakadabra” teší mezi příslušníky divadelní branže až strašidelné pověsti. Proto bylo pro mnohé překvapením, když populární improvizační skupina “Naruby” zařadila tento kus do svého programu. Divadelní svět je rozdělen — jedni tento počin odsuzují jako neúctu k hercům, kteří zemřeli v Radlickém divadle, druzí hovoří o rouhání a hazardování s věcmi, kterým nerozumíme. “Naruby” ovšem nedopřávají sluchu ani pověrám ani odsudkům, na které jsou ostatně ze svého působení zvyklí.</i></p>\r\n<p></p>\r\n<p>Oblíbená improvizační skupina v poslední době sklízí jeden úspěch za druhým, uvidíme, jak si poradí s touto výzvou. Já 10. dubna rozhodně budu sedět v hledišti kobyliského divadla.</p>\r\n<p></p>\r\n<p>Derniéra je krátký komorní larp z divadelního prostředí plného pověr a tabu. Hráči v tomto larpu ztvární dvojí roli — jednoho z herců improvizační skupiny Naruby, ale také jednu z postav divadelní hry Abrakadabra. Netřeba však dopředu studovat žádný part, Naruby je skupina improvizační, která si předlohy bere pouze jako vodítko či inspiraci. Veškeré potřebné informace budou obsaženy na několika listech formátu A4 a budou vesměs hlavně orientační. Před hrou bude rovněž příležitost přečíst si krátký výtah z divadelní hry Abrakadabra. O kostýmy se rovněž nemusíte starat, budou vám zapůjčeny.</p>\r\n<p></p>\r\n<p>Larp je zaměřen nejen na prožívání a rozhodování v kůži někoho jiného, ale také na dramatickou improvizaci na obou úrovních — jak “vně” divadelní hry v roli herce, tak i na prknech,která znamenají svět. Není však třeba se obávat, publikum v našem divadle je pouze fiktivní.</p>\r\n<p></p>\r\n<p>Pro bližší konkrétní informace si před hrou přečtěte <a href="http://www.praguebynight.eu/lv/derniera-obecne-info.pdf">obecné informace</a> a <a href="http://www.praguebynight.eu/lv/derniera-abrakadabra.pdf">scénosled divadelní hry Abrakadabra</a>.</p>', 'David ''Ambeřan'' Maleček', '2013-04-03', 3, 3, 2, 'http://www.praguebynight.eu/lv/img/derniera_logo.png', '', '', 'A Studio Rubín, Malostranské nám. 9, Praha 1', '18:00:00', ''),
(36, 'Cesta dlouhým dnem do noci', '<p>Další večer. Znovu padla mlha. Znovu ta strašná mlhová siréna. Znovu se všichni opijí. A všichni budete sami. Zoufalí. A v rodinném kruhu.\r\nDalší den, co spěje dlouhou cestou do noci. Aby byl následován dalším, stejně bezútěšným.</p>', '<p>Cesta dlouhým dnem do noci je komorní čtyřhodinový LARP o staré bolesti, na motivy osobního dramatu Eugena O''Neilla. Pojednává o lámání duševních tabu postav, o nezměrném utrpení a osamění mezi nejbližšími. O bludném kruhu obviňování a následného sebemrskačství, které je opět střídáno obviňováním. Postavy nemají žádné cíle ani úkoly, kterými by se měly zabývat. Jsou takové, jaké jsou, a s tím LARP pracuje.</p>\r\n\r\n<p>Vzhledem k tématům vztahujícím se k drogové problematice, alkoholové závislosti a rodinným konfliktům vhodné pro účastníky starší 18 let.</p>\r\n\r\n<p>Hráč si na místě vybere jednu ze šesti postav, žijící v domácnosti irského přistěhovalce Jamese Tyrona. Dostane dostatek času na to, aby si přečetl informace o postavě, jejichž rozsah nepřekročí čtyři strany A4. Informace jsou většinou velmi osobního charakteru - co si postava nalhává, o čem je skálopevně přesvědčena (většinou se v obou skupinách nacházejí tytéž věci), jaké má vztahy k ostatním.</p>\r\n<p>Larp je koncipován tak, že v rodině Tyronů bude neustále docházet k roztržkám a scénám. Průvodce nebude do hry po celou dobu zasahovat.</p>\r\n\r\n<p>Po skončení larpu bude následovat společná diskuze, kde se proberou zážitky ze hry a usadí se dojmy.</p>\r\n<p>Vzhledem k dramatičnosti hry se může stát, že se hráč v rámci své role dostane do situace, která je mu nepříjemná a vzbuzuje osobní negativní zkušenosti. Larp je hrou, která má sloužit především k zábavě - kdykoli může hráč larp opustit, kdyby začal získávat pocit, že se ho hra nepříjemně dotýká. Není to žádná ostuda, ne všichni máme rodinku jako z reklamy na Ramu.</p>\r\n\r\n<p>Podrobnější informace k larpu Cesta dlouhým dnem do noci jsou zde: <a href="http://www.praguebynight.eu/lv/Cesta_Vseobecne_Informace.pdf">Cesta_Vseobecne_Informace.pdf</a> - prosíme, prostudujte si je předem.</p>', 'Petra ''Reinita'' Lukačovičová', '2013-04-07', 3, 2, 1, 'http://www.praguebynight.eu/lv/img/cesta.jpg', '', '', 'Milady Horákové 854/78, Praha 7', '16:00:00', ''),
(37, 'Poslední pokoj', '<p>Nejdřív někdo hrozně vykřikl. Pak se přidaly další hlasy. A potom vypuklo naprosté pandemonium. Stěny i podlahy se začaly bortit a rozkládat v čistou nicotu. Jekot, pláč, prosby o pomoc, někdo se hlasitě modlí. Vzduch je najednou tak studený až bodá v plicích. Útěk, poslední práh. Bude to k něčemu? Zapadnou dveře, pokoj se zachvěje, ale nerozpadne. Úplně poslední pokoj.</p>', '<p>Poslední pokoj se odehrává v současné Praze, která je městem atmosférických uliček a nevlídných melancholických podzimů, sídlem mystiků, alchymistů, učenců a mágů. Náhlá intervence nadpřirozena postihne obyčejný malostranský pavlačový dům, kde si pronajímají pokoje studenti, a kde se právě odehrávala oslava pořádaná majitelem domu. Hráči ztvární jednu z deseti postav, které se zachránily v posledním pokoji záhadně zmizelého domu.</p>', 'Larp Poslední pokoj připravila Lucie „Sombra“ Lukačovičová s asistencí a podporou Davida “Ambeřana” Malečka. ', '2013-04-10', 5, 3, 2, 'http://www.praguebynight.eu/lv/img/pokoj.jpg', '', '', 'Klubovna Ohradní 22, Praha 4', '18:00:00', ''),
(38, 'Never let me go', '<i><p>Píše se rok 1994 a díky průlomu v medicíně dosáhl průměrný věk člověka 115 let.</p></i>\r\n<p></p>\r\n<p>Komorní larp dle stejnojmenné knihy Kazua Ishigura od tvůrčí dvojice Petr Peldric Urban a Madla Urbanová. Pro jeho hraní naprosto není nutné znát knižní předlohu ani film</p>', '<i><p>V okamžiku smrti prý každému hlavou proletí celý jeho život. Chvíle štěstí, chvíle smutku. Velká vítězství. Velké prohry. Osudové lásky. Osudové chyby. Osudová rozhodnutí, která navždy změní náš život. Tyto vzpomínky přichází, ať už nás smrt zastihne kdekoliv. Na operačním stole, na smrtelné posteli, v zákopech vykopaných samotnou válkou či jinde. Každý člověk se snaží najít ve svých vzpomínkách tu, která mu jasně dokáže, že zde po něm cosi zůstává a přežívá jej. Vzpomínku, která ukáže, jaký měl jeho život smysl...</p></i>\r\n<p></p>\r\n<i><b><p>Co tu zůstane po Vás?</p></i></b>\r\n<p></p>\r\n<p>Podpůrné texty:</p>\r\n<p></p>\r\n<p>Píše se rok 1994. Lidstvo zažívá obrovský rozvoj přírodních věd. Pokračující úspěchy vědců na lékařském poli, pod vedením geniálního doktora Connorse, překonávají i ty nejpozitivnější představy a sny dob minulých. S rozvojem medicíny se lidé mohou věnovat každodenním záležitostem, svým tajným přáním a touhám. Přední vědci a lékaři z anglické královské společnosti začínají nesměle tvrdit, že není nemoci, se kterou by si nedokázali poradit. A až na největší odpůrce fantastiky z řad novinářů se nenajde výraznějšího hlasu, který by jim odporoval. Děti se rodí zdravější, ubývá případů vrozených vad a tělesných postižení. Lidé se dožívají vyššího věku než kdy dřív a díky nesmírným úspěchům vědy se zvyšuje i celková vzdělanost lidstva, což vede k výrazným pokrokům i v dalších oblastech.</p>\r\n<p></p>\r\n<p>Přesto však je tento rok rokem smutku. Zakladatel „Nové medicíny“, doktor Edmund Connors, před třemi měsíci zahynul za podivuhodných okolností při dalším ze svých pokusů posunout vědu i svět o krok vpřed.</p>\r\n<p></p>\r\n<p>Přes tuto smutnou zprávu fakta zůstávají jasná a neochvějná.</p>\r\n<p></p>\r\n<p>Píše se rok 1994 a díky průlomu v medicíně dosáhl průměrný věk člověka 115 let.</p>\r\n<p></p>\r\n<p>Komorní larp dle stejnojmenné knihy Kazua Ishigura od tvůrčí dvojice Petr ''Peldric'' Urban a Madla Urbanová. Pro jeho hraní naprosto není nutné znát knižní předlohu ani film (naopak, pokud tento příběh neznáte, hra pro Vás bude mít několik překvapení). Z dosavadních ohlasů nicméně vyznívá, že hru si lze plně užít, i pokud tento Ishigurův příběh znáte – hra je událostmi knihy pouze inspirovaná.</p>', 'Petr ''Peldric'' Urban a Madla Urbanová', '2013-04-11', 4, 6, 0, 'http://www.yourkloset.com/wp-content/uploads/2011/11/neverletmego.jpg', '', '', 'KC Prádelna (Holečkova 38, Praha 5 - Smíchov)', '17:30:00', ''),
(39, 'Vražda v sídle Lancasterů', '<p>Ocitáme se na skotském venkově ve druhé polovině 20. století. Za podivných okolností zemřel ve svém sídle starý lord Lancaster. Na životě tohoto muže bylo mnoho tajemného a neobvyklého. Kdo dokáže rozluštit tajemství dávných věků skryté ve zdech jeho domu, knihovny a laboratoře? Pokud se o to pokusíte, rozhodně si nemyslete, že to bude snadné a bezpečné. Vražda v sídle Lancasterů je detektivně-hororová hra v Lovecraftovském duchu s množstvím tajemství a intrik. Odkrývání informací, které neměly nikdy spatřit světlo světa v kombinaci s vypjatými emocemi až do úplného konce graduje ve smrtícím kolotoči. Povede se v tomto závodě s časem rozluštit záhadu dřív něž bude pozdě?</p>', '<p>Vražda v sídle Lancasterů je komorní larp zaměřený na atmosféru, prožitek ale i na myšlení, vyjednávání a vyšetřování. </p>', 'Ondřej "Zak" Staněk, Jakub "Kop" Hampl', '2013-04-30', 4, 2, 1, 'https://sites.google.com/site/hrajlarp/_/rsrc/1366791136168/hry/obrazky/Vra%C5%BEda%20v%20s%C3%ADdle%20Lancaster%C5%AF.jpg?height=213&width=320', '', '', 'Literární kavárna Řetězová (Řetězová 10, Praha 1)', '19:30:00', ''),
(40, 'Škola', '<p>Vzpomínáš na šťastná a radostná léta na základní škole? První pusa, první cígo. Největším úspěchem roku bylo získání kartičky oblíbeného hokejisty. Nejčtenější literaturou fotoromán z&nbsp;Brávíčka. Poznámka v žákajdě se jevila jako neřešitelný problém. Chceš to prožít znovu? Hurá do Školy!</p>', '<p>Škola je odlehčený zábavný larp pro 24 žáků a 3 učitele. Odehrává se v prostředí páté třídy základní školy devadesátých let (to aby hráči nebili pedagogy hrané organizátory). Pátá třída, období, ve kterém se největší nepřátelé nachází v protější třídě a kdy milostné psaníčko nevyhnutelně vyvolá posměšky spolužáků. Tato veselá hra je vhodná jak pro prvohráče, tak pro ostřílené larpery. Užije si ji zkrátka každý (experimentálně ověřeno).</p>\r\n<p>Hra Škola je zaměřena na hraní dramatických situací, rozhodně v ní nejde o vítězství či vciťování se hluboko do charakteru postav. Je vystavěna na nadsázce a extrémních charakterech. Všechny postavy jsou předem připraveny organizátory a na hru se nemusíte nijak zvlášť připravovat. Ať už chcete být ultraslušným šprtem či největší raubířkou ve škole, pojďte se vrátit do školních lavic!</p>', 'Kamil Buchtík, Břéťa Šopík', '2013-05-12', 12, 12, 0, 'https://sites.google.com/site/hrajlarp/_/rsrc/1366791992402/hry/obrazky/%C5%A0kola.jpg', 'http://kamil.larp.cz/skola/', '', 'ZŠ Jižní IV., Praha 4', '10:00:00', ''),
(41, 'Bunkr', '<p>Strašný zmatek. Kolísavý zvuk sirény se vám zarývá hluboko do hlav. Bodá jako tisíce jehel. Lidé kolem křičí. Vráží do sebe. Mění se v panikařící dav.</p>\r\n<p>A pak ticho. Klid. Dveře bunkru se zavírají jako milosrdná opona. Cítíte bezpečí, alespoň částečně poskytované čtyřmi betonovými stěnami, ale zárověň pro vás mizí i kontakt s okolním světem. Kolem vás se rýsují siluety postav - vězni, návštěvníci, personál. V nepřirozeném světle úsporných zářivek si prohlížíte jeden druhého, krčíte se bezmocně v koutech, nebo jen bezcílně přecházíte po místnosti. Nejistota svírá všechny. Co se venku stalo? Jak dlouho tu budete muset zůstat? A dostanete se vůbec kdy ven?</p>', '<p>Bunkr je krátký komorní larp z vězeňského prostředí, odehrávající se po celosvětové katastrofě. Během čtyř hodin budou mít hráči možnost ztvárnit jednu z postav uvězněnou v ochranném krytu. Hra je zaměřena na lidská dilemata a vztahy v krizové situaci.</p>\r\n<p>Larp Bunkr je nejen o emocích, ale i názorech, spekulacích a o vyrovnáváních se s aktuálními událostmi. Postavy se během hry dostanou do stresových situací, budou muset řešit různé osobní problémy, citlivá témata a vztahy k ostatním. Může se stát, že některá z postav se zhroutí, jinou ten zážitek postaví na nohy. Vše je možné a je jen na hráčích, jakou si hru udělají.</p>', 'Julie "Artemis" Melicharová , Kristýna "Iliana"Choutková, Julie "Maoren" Kovaříková a Michaela "Půlnočnice" Portychová', '2013-05-16', 6, 2, 2, 'http://www.praguebynight.eu/lv/img/Bunkr.gif', '', '', 'Jana Masaryka 19, Praha', '18:00:00', ''),
(42, 'Moon', '<p>Moon je krátký komorní LARP vycházející volně z prostředí světa známého sci-fi seriálu Firefly. Staví na propracovaných příbězích každé z postav a důležitých rozhodnutích, která musí učinit za ostatní obyvatele osady. Věříme, že hra hráčům poskytne materiál k zamyšlení a hledání odpovědí na různé otázky a že se stane víc než "jenom" zábavou.</p>', '<p>Moon je krátký komorní LARP vycházející volně z prostředí světa známého sci-fi seriálu Firefly. Staví na propracovaných příbězích každé z postav a důležitých rozhodnutích, která musí učinit za ostatní obyvatele osady. Věříme, že hra hráčům poskytne materiál k zamyšlení a hledání odpovědí na různé otázky a že se stane víc než "jenom" zábavou.<p>\r\n\r\n <h2>Co mě čeká?</h2>\r\n			<p>Především dvě a půl hodiny atmosférické a napínavé hry, ve které se stanete jedním z osadníků relativně nedávno osídleného měsíce. Doba není jednoduchá. Aliance, velké a vyspělé společenství, se prý chystá pohltit některé z okolních planet a Nezávislé planety prý vyzbrojují dobrovolníky. Těm se kvůli jejich charakteristickým uniformám říká Hnědokabátníci: jsou odhodlaní, přesvědčení, ale oproti vojákům Aliance zpravidla pouze slabě vyzbrojení.</p>\r\n			<p>Znalcům seriálu Firefly můžeme prozradit, že děj naší hry se odehrává ještě před válkou mezi Aliancí a Nezávislými, tedy před dějem samotného seriálu. Ty, kteří o seriálu nikdy neslyšeli, naopak můžeme uklidnit, že jejich zážitek ze hry nebude nijak ochuzen. Řekněme jenom, že jde o svět, ve kterém vedle velmi vyspělých planet ve Středu, které jsou pod vládou Aliance, existují také Nezávislá vnější území, která nejsou svou atmosférou nepodobná období kolonizování Ameriky. Tedy sci-fi ve westernovém hávu.</p>\r\n\r\n <h2>Koho si můžu zahrát?</h2>\r\n			<p>Zahrajete si jednoho z významných mužů a žen, kteří v osadě Moon něco znamenají, a kteří se pravidelně schází v haciendě guvernéra Benedikta Greye. Každý z vás si prožil své, ne vždy se máte rádi, ale váš neformální poradní hlas ovlivňuje chod celé osady, a proto se zpravidla dohodnete.</p>\r\n\r\n <h2>Jak to bude probíhat?</h2>\r\n			<p>Podívejte se na <a href="http://moon.madfairy.cz/?p=postavy" target="_blank">seznam postav</a> a po přihlášení si vyberete, kterou z postav byste chtěli a kterou nechtěli hrát. My vám pak zhruba tři dny předem pošleme materiály k postavě, které si budete moct předem pročíst a připravit si k ní velmi jednoduchý kostým.</p>\r\n			<p>Hráči komorních LARPů jistě zaznamenali změnu, oproti zaběhnuté tradici. Věříme, že rozdělením postav před hrou Vám umožníme vybrat si takovou postavu, jakou chcete, pročíst ji v dostatečném předstihu a promyslet si, jak ji budete hrát. Věříme, že naši důvěru nezklamete a na hru opravdu dorazíte. Pokud ne, zkazíte zážitek svým spoluhráčům.</p>\r\n			<p>Vlastní hra vám zabere 4 až 5 hodin, z toho asi půl hodiny věnujeme přípravě před hrou a hodinu její reflexi (tu považujeme za důležitou a nedílnou součást naší hry). Veškeré kostýmy, materiály a rekvizity na vás již budou čekat. Poprosíme vás pouze, abyste si předem přečetli nebo poslechli úvodní příběh. Nezabere vám to víc než čtvrt hodiny.</p>\r\n			<p>Na začátku si rychle zopakujeme, co by měli všichni znát, seznámíme vás s těmi několika málo pravidly, která ve hře existují, a případně detailněji probereme, co to takový LARP vlastně je. Úvod hry je postaven na několika předem určených scénách, které vám pomohou rozehrát vaši postavu, nastavit vztahy a otevřít některé zápletky. Dál hra pokračuje zcela ve vaší režii a trvá asi dvě a půl hodiny. Po jejím konci si sedneme a řekneme si, jak to vlastně bylo, co jsme prožili, co se nám líbilo a co ne, ale také co si kdo ze hry odnesl.</p>', 'Martin ''Pirosh'' Buchtík, Filip Kábrt a Mad Fairy o.s.', '2013-05-14', 6, 1, 3, 'https://sites.google.com/site/hrajlarp/_/rsrc/1366791998583/hry/obrazky/Moon.png?height=176&width=320', 'http://moon.madfairy.cz/', '', 'Domeček č. 150, křižovatka ulic Sedmidomky a Pod Bohdalcem II', '18:00:00', ''),
(43, 'Memento Mori', '<p><i>Vítejte na překlenovacím večírku mezi vašimi životy! Vítejte a pamatujte na smrt. Na toho všemi nenáviděného bratra. Nebyli jste tu nedávno? Nevadí. Pozvánka vám přišla, takže tu jste jistě správně. Je to jednoduché: Já mám spoustu času a čas vašeho narození se blíží. Jaký bude váš příští život? Zahrajeme si o něj? Každý si nakonec něco odnese, i když málokdo je spokojen. Tak co třeba lásku? Vyměníš? Prodám nenávist, co nabídneš? Že nejsem fér? Že podvádím? Omyl, příteli. Život není fér a já nejsem život. Posílám mu jednotlivé karty a občas nastavuji čísla na kostkách. Jsem, co jsem, a ani ty nedostaneš svůj další pokus zadarmo. Tedy pojďme se bavit, vážení. Čas se krátí, večírek začíná. A já hořím nedočkavostí…</i></p>', '<p>Komorní hra Memento mori je atmosférický larp pro pět hráčů. Ti se vžijí do rolí právě zemřelých postav, které se z nějakého důvodu setkávají mezi smrtí a narozením. Kde jsou, proč zde jsou a kdo jsou ti ostatní, kteří jsou zde s nimi? Bez vzpomínek, ale hluboce toužící po poslední možnosti vypořádat se se svými životy a se životy těch druhých budou muset hrát hru o život. Doslova. Larp klade důraz na hraní různých poloh a atmosféru, která bude vybízet k nevypadávání z rolí. V průběhu se hráči budou muset vypořádat s častou proměnou charakterů (larp nepracuje s tradičním schématem komplexní postavy, kterou dostanete na začátku), což bývá označováno za herecky náročné. Hra má gamistické prvky (motivy dosáhnutí cíle, výhra/prohra, některé herní mechanismy) a potrvá (včetně úvodu a reflexe) cca 3 hodiny. Obsahuje několik netradičních, ale jednoduchých pravidlových prvků, se kterými budou hráči seznámeni před začátkem.</p>', 'Filip "Drirr" Appl', '2013-05-22', 1, 1, 3, 'https://sites.google.com/site/hrajlarp/_/rsrc/1366792003493/hry/obrazky/Memento%20mori.jpg?height=236&width=320', '', '', 'Jana Masaryka 19, Praha', '19:00:00', ''),
(44, 'Sanatorium', '<p>V sanatoriu profesora Levina na uzavřeném oddělení se setkává šest pacientů. Kdo je šílený? Kdo ne? A může mít vlastně šílenec pravdu? Každá z postav bude v průběhu příběhu konfrontována s realitou, která pro ni vůbec nemusí být příznivá.</p>', '<p>Hra se zabývá tématem viny a odpuštění. Postavy se musí vyrovnat s bezvýchodností své situace i s informacemi, které o sobě zjišťují, protože nic není, jak se zdá.</p>', 'Lucie Chlumská', '2013-05-02', 3, 2, 1, 'https://sites.google.com/site/hrajlarp/_/rsrc/1366791286292/hry/obrazky/Sanatorium.jpg', '', '', 'Jana Masaryka 19, Praha', '19:00:00', ''),
(46, 'Iure', '<p>Je to jako probuzení ze spánku. Z dlouhého spánku. A jak realita začíná pomalu prosvítat skrze závoj snu, v hlavě začínají vířit tíživé otázky: „Kde to jsem? Jak jsem se sem dostal? Co se stalo?...“. A hlavně ta nejdůležitější: „KDO jsem?“... Otevíráš oči. V útulné místnosti hledíš do tváří, které odráží stejný zmatek, jaký právě pociťuješ i ty. Čtyři osoby. Stejně oblečené, jako ty. Každá má na hrudi štítek se jménem, které je pro tebe stejně cizí, jako to tvoje. A všechny pohledy směřují k obálce na stole. Po chvíli napjatého ticha se jeden z vás osmělí, bere obálku do ruky, otevírá ji a k údivu vás všech nahlas odříkává první slova onoho dopisu. „Vážená poroto..."</p>', '<p>Iure (právem – překlad z latiny) je krátký komorní LARP pro pět hráčů, kteří představují porotce v soudním procesu tzv. posledního odvolání, či „nejvyššího práva“ – procesu, kdy jsou porotci pro zachování maximální objektivity zcela odděleni od své minulosti a zkušeností. Iure je zdánlivě argumentačním LARPem z prostředí soudního procesu v nedaleké budoucnosti, ve kterém hráči budou nejen rozhodovat o vině či nevině, ale také poodkryjí závoj minulosti svých postav.</p>\r\n<p>Larp Iure je určen zkušenějším hráčům.</p>', 'Martin „Doktor“ Čepelík', '2013-05-20', 2, 3, 0, 'https://sites.google.com/site/hrajlarp/_/rsrc/1366791988682/hry/obrazky/Iure.jpg', '', '', 'Jana Masaryka 19, Praha', '19:00:00', ''),
(47, 'L-World', '<p>Sabina je úspěšná vydavatelka časopisu, politická aktivistka a kandiduje v komunálních volbách.\r\nVychovává dceru Denisu se svou druhou ženou Veronikou. A tento večer pořádá večírek pro pár\r\npřátel.</p>', '<p>Sabina a některé další postavy jsou sice lesbičky, ale larp neřeší téma comming-outu. Je o lásce,\r\npřátelství, partnerství a rodičovství. A taky trochu o ženách.</p>\r\n<p>L – world je larp pro pět žen a jednoho statečného muže, který se nebojí vstoupit do ženského světa.\r\nJedná se o hru pro zkušené a starší hráče, které baví rozehrávat konflikty a herní situace.</p>', 'Lucie Chlumská', '2013-06-04', 1, 5, 0, 'https://sites.google.com/site/hrajlarp/_/rsrc/1366791983628/hry/obrazky/Lworld.jpg?height=218&width=320', '', '', 'Blanická 12, Praha 2', '19:00:00', ''),
(48, 'Odsouzeni', '<p><i>Pomalu procitáš z hlubokého spánku. První, co si uvědomíš, je studená kamenná zem, na které ležíš. To tě probere úplně. Snažíš se rozhlédnout po okolí. Nic. Všude je jen tma a ticho. Ruce máš svázané za zády. Snažíš se přemýšlet. Hlavou se ti honí několik otázek. Kde to jsem? Jak jsem se sem dostal? A co se mnou bude? Ve vzduchu je cítit strach a bezmoc. Podíváš se do tmy a pak tě napadne ta děsivá myšlenka. Jsem tu vlastně sám?</i></p>', '<p>LARP Odsouzeni je založen hlavně na atmosféře, které přispívá i to, že se celá hra bude odehrávat za částečné nebo úplné tmy. To, že hráči během LARPu ztratí schopnost zraku, může přinést nevšední zážitek, ale také mnohá úskalí. Je důležité, aby se zájemci před přihlášením na běh zamysleli, zda jsou schopni se s absencí zraku vypořádat.</p>\r\n<p>LARP Odsouzeni je určen pro šest hráčů. Dějově se bude odehrávat kdesi na území dnešních Spojených států amerických.</p>\r\n<p>Další inovací je způsob, jakým průvodce zasahuje do hry. Průvodce v LARPu Odsouzeni ztvárňuje vlastní roli a přímo reaguje na hráče, aby tak s nimi mohl vytvářet vždy nový příběh a jemně přizpůsobit LARP jejich potřebám.</p>', 'Kristýna "Iliana" Choutková', '2013-06-25', 4, 2, 0, 'https://sites.google.com/site/hrajlarp/_/rsrc/1366793982946/hry/obrazky/Odsouzeni.png?height=200&width=145', '', '', 'Jana Masaryka 19, Praha', '19:00:00', ''),
(49, 'Vlna', '<p>Komorní LARP Vlna se odehrává na pozadí postapokalyptické totalitní společnosti roku 2051. Hráči během LARPu ztvární členy odbojového hnutí, známého jako Vlna, kteří se dostali do situace, kdy jejich rozhodnutí může ovlivnit budoucnost lidstva. Do situace, která vyzkouší jejich přesvědčení i ochotu obětovat nejen sebe samé.</p>', '<p>Dne 17.5.2025 přestal existovat svět tak, jak ho známe. Ve 4:26 washingtonského času dopadla na hlavní město Spojených států amerických raketa s jadernou hlavicí vystřelená z oblasti Libyjské pouště a srovnala město i jeho okolí se zemí. O 7 minut a 54 sekund později reaguje na útok americká armáda a rozpoutává nejkratší válku v dějinách lidstva. Během necelých 24 hodin zahyne převážná část populace naší planety. Ve Spojených státech amerických se moci ujímá vládnoucí uskupení známé jako Kruh a vyhlašuje výjimečný stav... To vše se odehrálo před 26 lety. Dnes, v roce 2051, je jedinou svrchovanou mocí planety Země Kruh a jeho armáda. Výjimečný stav platí od roku 2025 a většina lidí se smířila s tím, že nikdy platit nepřestane. Ale ještě stále tu jsou lidé, kteří se nevzdali touhy po svobodě…</p>\r\n<p>Komorní LARP Vlna je konverzační LARP pro šest hráčů – čtyři muže a dvě ženy. Příběh se odehrává v roce 2051 nedaleko Los Angeles v bývalých Spojených státech amerických. Příběh je vystavěn ve světě budoucnosti, veškerá potřebná historická fakta budou zaslána hráčům s předstihem e-mailem, informace o svých postavách obdrží hráči na místě před začátkem hry na cca. dvou stránkách formátu A4. V LARPu se nevyskytuje magie či nadpřirozené jevy jakéhokoli charakteru.</p>\r\n<p>LARP Vlna je určen pro hráče nad 18 let (či alespoň zkušené hráče nižšího věku).</p>', 'Martin „Doktor“ Čepelík', '2013-06-03', 4, 2, 0, 'https://sites.google.com/site/hrajlarp/_/rsrc/1366877364707/hry/obrazky/Vlna.jpg', '', '', '', '19:00:00', ''),
(50, 'Hra', '<p>Vážená paní / Vážený pane, přijměte, prosím, laskavé pozvání na jeden mimořádný večírek s mimořádnými hosty. Věřím, že na tento večírek budete vzpomínat do konce Vašeho života. Rozhodnete-li se moji nabídku přijmout, dostavte se, prosím, na adresu 1727 Salisbury Street, St. Louis dne...</p>', '<p>Jeden pokoj, jeden hostitel, šest hostů, šest příběhů, teď a jen o něco dále než tady. To je komorní LARP Hra. Rozhodnete-li se přijmout pozvání na tento LARP, ztvárníte během necelých tří hodin\r\njednoho z hostů tohoto zvláštního setkání. Hra je především konverzačním LARPem, který je zaměřen na prožívání pocitů jednotlivých postav, které si přinesly svůj příběh do jednoho bytu kdesi\r\nv americkém St. Louis.</p>\r\n\r\n<p>Komorní LARP Hra je určen pro šest hráčů – tři muže a tři ženy. Příběh se odehrává v současnosti v americkém St. Louis a není potřeba předem znát žádná zvláštní fakta ohledně místa, kde se Hra\r\nodehrává či reálií současných Spojených států. Příběh je vystavěn v reálném světě, bez přítomnosti magie či nadpřirozených jevů jakéhokoli charakteru. Informace o jednotlivých postavách obdrží hráči před začátkem hry na jednom papíru formátu A4.</p>\r\n\r\n<p>Vzhledem k tématům, kterých se komorní LARP Hra dotýká, i věku jednotlivých postav je LARP Hra určen pro hráče nad 18 let (či alespoň zkušené hráče nižšího věku).</p>', 'Martin „Doktor“ Čepelík', '2013-06-10', 3, 3, 0, 'https://sites.google.com/site/hrajlarp/_/rsrc/1366877299896/hry/obrazky/Hra.png?height=204&width=320', '', '', 'Byt Přespolní 2449/14, Praha 10', '19:00:00', ''),
(51, 'Osvícení Silvertonu', '<p>Tradovalo se, že Bůh chtěl vyzkoušet lidstvo, jež se začalo dmout pýchou jako v časech Noemových, a tak poručil moudrým mužům té doby, mezi nimi i blahoslavenému Leibowitzovi, aby sestrojili obrovské válečné stroje, jaké země do té doby nepoznala, zbraně takové síly, že v nich byly ukryty samy ohně pekelné. A Bůh strpěl, aby tito mágové svěřili zbraně do rukou knížat a každému z nich řekli: „Jen proto, že takovou věc mají i nepřátelé, vynalezli jsme ji pro tebe, aby věděli, že ji také máš, a báli se udeřit. Ty sám pak, pane náš, boj se jich stejně jako oni tebe, tak aby zlo, které jsme stvořili, nemohl nikdo vypustit.“</p>\r\n<p>Avšak knížata, která pramálo dala na slova moudrých rádců, si řekla: Když pouze já udeřím rychle a potají, zničím ostatní ve spánku a nebude nikoho, kdo by se vzmohl na odvetu; Země bude má.</p>\r\n<p>Tak pošetilá byla knížata. Pak přišla Plamenná potopa.</p>\r\n<p>(Chvalozpěv na Leibowitze)</p>', '<p>Nad osadou jménem Silverton, kdesi na okraji pustiny, se vznáší opar z mlhy a kouře z nízkých domků. Vzduch bývá večer chladný. Jako by zvěstoval blížící se zimu. Zimu, která bude pravděpodobně ještě daleko horší, než byla ta poslední. Zásob je málo a mrtvých tak bude přibývat. Na pozadí zoufalé snahy přežít ve stále ještě nehostinné krajině se lidé snaží pochopit, co se s jejich civilizací stalo. Co byla Plamenná potopa a kdo za ni může? Obecně se soudí, že to bylo vědění a lidská pýcha, která dovolila mocným a moudrým té doby hrát si na bohy, za což byli potrestáni Bohem jediným. Znalostí a vědění je na světě už pramálo a to zbylé je násilně potíráno fanatickými kulty, které věří, že vědomosti povedou opět ke zkáze. Ale je tomu tak opravdu? Stanou se z nás zvířata, když zapomeneme? Nebo nás opět ovládnou démoni pýchy, když nauku fanatiků odmítneme?</p>\r\n<p>Osvícení Silvertonu je komorní larp pro osm postav, které se z různých důvodů schází v hospodě v severoamerickém městečku Silverton několik stovek let po apokalyptické Plamenné potopě. Žánrem postapo-westernová hra částečně vychází z románu Waltera M. Millera Chvalozpěv na Leibowitze (znalost románu není překážkou ani výhodou). Hra staví na postavách, jejich příbězích, dilematech a rozhodování a točí se kolem témat jako je víra, životní hodnoty či význam tradic ve společnosti. Důraz je kladen na prožití role, ale hra obsahuje i gamistické prvky. Hře bude předcházet rozsáhlejší úvod a seznámení se s herním světem, jeho zákonitostmi a samozřejmě s postavami. Po hře bude následovat krátká reflexe.</p>', 'Ondra "Zak" Staněk, Filip "Drirr " Appl, Kateřina "Andílek" Kolínská, Tomáš "Žako" Jakoubek ', '2013-06-12', 5, 3, 0, 'https://sites.google.com/site/hrajlarp/_/rsrc/1366877332868/hry/obrazky/Osv%C3%ADcen%C3%AD%20Silvertonu.jpg?height=240&width=320', '', '', 'Toulcův dvůr, Kubatova 32/1, Praha 10 - Hostivař ', '19:00:00', ''),
(52, 'Never let me go', '<i><p>Píše se rok 1994 a díky průlomu v medicíně dosáhl průměrný věk člověka 115 let.</p></i>\r\n<p></p>\r\n<p>Komorní larp dle stejnojmenné knihy Kazua Ishigura od tvůrčí dvojice Petr Peldric Urban a Madla Urbanová. Pro jeho hraní naprosto není nutné znát knižní předlohu ani film</p>', '<i><p>V okamžiku smrti prý každému hlavou proletí celý jeho život. Chvíle štěstí, chvíle smutku. Velká vítězství. Velké prohry. Osudové lásky. Osudové chyby. Osudová rozhodnutí, která navždy změní náš život. Tyto vzpomínky přichází, ať už nás smrt zastihne kdekoliv. Na operačním stole, na smrtelné posteli, v zákopech vykopaných samotnou válkou či jinde. Každý člověk se snaží najít ve svých vzpomínkách tu, která mu jasně dokáže, že zde po něm cosi zůstává a přežívá jej. Vzpomínku, která ukáže, jaký měl jeho život smysl...</p></i>\r\n<p></p>\r\n<i><b><p>Co tu zůstane po Vás?</p></i></b>\r\n<p></p>\r\n<p>Podpůrné texty:</p>\r\n<p></p>\r\n<p>Píše se rok 1994. Lidstvo zažívá obrovský rozvoj přírodních věd. Pokračující úspěchy vědců na lékařském poli, pod vedením geniálního doktora Connorse, překonávají i ty nejpozitivnější představy a sny dob minulých. S rozvojem medicíny se lidé mohou věnovat každodenním záležitostem, svým tajným přáním a touhám. Přední vědci a lékaři z anglické královské společnosti začínají nesměle tvrdit, že není nemoci, se kterou by si nedokázali poradit. A až na největší odpůrce fantastiky z řad novinářů se nenajde výraznějšího hlasu, který by jim odporoval. Děti se rodí zdravější, ubývá případů vrozených vad a tělesných postižení. Lidé se dožívají vyššího věku než kdy dřív a díky nesmírným úspěchům vědy se zvyšuje i celková vzdělanost lidstva, což vede k výrazným pokrokům i v dalších oblastech.</p>\r\n<p></p>\r\n<p>Přesto však je tento rok rokem smutku. Zakladatel „Nové medicíny“, doktor Edmund Connors, před třemi měsíci zahynul za podivuhodných okolností při dalším ze svých pokusů posunout vědu i svět o krok vpřed.</p>\r\n<p></p>\r\n<p>Přes tuto smutnou zprávu fakta zůstávají jasná a neochvějná.</p>\r\n<p></p>\r\n<p>Píše se rok 1994 a díky průlomu v medicíně dosáhl průměrný věk člověka 115 let.</p>\r\n<p></p>\r\n<p>Komorní larp dle stejnojmenné knihy Kazua Ishigura od tvůrčí dvojice Petr ''Peldric'' Urban a Madla Urbanová. Pro jeho hraní naprosto není nutné znát knižní předlohu ani film (naopak, pokud tento příběh neznáte, hra pro Vás bude mít několik překvapení). Z dosavadních ohlasů nicméně vyznívá, že hru si lze plně užít, i pokud tento Ishigurův příběh znáte – hra je událostmi knihy pouze inspirovaná.</p>', 'Petr ''Peldric'' Urban a Madla Urbanová', '2013-05-30', 4, 6, 0, 'https://sites.google.com/site/hrajlarp/_/rsrc/1366877324306/hry/obrazky/Never%20let%20me%20go.jpg?height=183&width=320', '', '', 'KC Prádelna (Holečkova 38, Praha 5 - Smíchov)', '17:30:00', ''),
(53, 'Telenovela', '<p>Láska. Nenávist. Štěstí. Strach. Přátelství. Závist. A láska. Nejlepší venezuelská telenovela všech dob nese název Dny našich životů. Je plná emocí a zvratů. V centru dění se nachází dvě znesvářené rodiny - Lanzovi a Pereirovi. Příběhy jejich členů se již po desetiletí splétají a vytvářejí situace, které tak dobře známe z vlastních životů. Jen větší a lepší. Vraždy, osudové lásky, nevěry, nevlastní děti a šťastné náhody. Dny našich životů jsou i dny vašich životů! </p>', '<p>Larp je parodií na klasické telenovely. Čekejte zásadní zvrat v každé epizodě, neuvěřitelné herecké výkony a dlouhé pohledy do kamery. Telenovela je krátký larp pro 7 mužů, 6 žen a 1 ženu převlečenou za muže. Hra je dělená na epizody a má pevně daný děj. Celou hrou provází duo slavných producentů José a Pepé. </p>', 'Kamil Buchtík, Radek Morávek ', '2013-06-22', 7, 6, 1, '', '', '', 'Bělehradská 51, Praha 2 (klubovna Škuner) ', '14:00:00', '');
INSERT INTO game (id, name, description, aboutGame, author, date, man_only, women_only, both_genders, image, web, info, place, time_of_game, special_info) VALUES
(55, 'Derniera', '<p>Derniéra je krátký komorní larp z divadelního prostředí plného pověr a tabu. Hráči v tomto larpu ztvární dvojí roli — jednoho z herců improvizační skupiny Naruby, ale také jednu z postav divadelní hry Abrakadabra.</p>', '<i><p>"Abrakadabra”, divadelní hra z prostředí léčebny duševně chorých, byla zatím nastudována pouze jednou. Její premiéru 14. února roku 1945 tragicky ukončil nálet amerického letectva. Radlické divadlo bylo při tomto kobercovém bombardování zcela zničeno. Událost se obešla bez obětí z řad diváků, ale nikdo z herců tragédii nepřežil.</p>\r\n<p></p>\r\n<p>Od té doby se hra “Abrakadabra” teší mezi příslušníky divadelní branže až strašidelné pověsti. Proto bylo pro mnohé překvapením, když populární improvizační skupina “Naruby” zařadila tento kus do svého programu. Divadelní svět je rozdělen — jedni tento počin odsuzují jako neúctu k hercům, kteří zemřeli v Radlickém divadle, druzí hovoří o rouhání a hazardování s věcmi, kterým nerozumíme. “Naruby” ovšem nedopřávají sluchu ani pověrám ani odsudkům, na které jsou ostatně ze svého působení zvyklí.</i></p>\r\n<p></p>\r\n<p>Oblíbená improvizační skupina v poslední době sklízí jeden úspěch za druhým, uvidíme, jak si poradí s touto výzvou. Já 10. dubna rozhodně budu sedět v hledišti kobyliského divadla.</p>\r\n<p></p>\r\n<p>Derniéra je krátký komorní larp z divadelního prostředí plného pověr a tabu. Hráči v tomto larpu ztvární dvojí roli — jednoho z herců improvizační skupiny Naruby, ale také jednu z postav divadelní hry Abrakadabra. Netřeba však dopředu studovat žádný part, Naruby je skupina improvizační, která si předlohy bere pouze jako vodítko či inspiraci. Veškeré potřebné informace budou obsaženy na několika listech formátu A4 a budou vesměs hlavně orientační. Před hrou bude rovněž příležitost přečíst si krátký výtah z divadelní hry Abrakadabra. O kostýmy se rovněž nemusíte starat, budou vám zapůjčeny.</p>\r\n<p></p>\r\n<p>Larp je zaměřen nejen na prožívání a rozhodování v kůži někoho jiného, ale také na dramatickou improvizaci na obou úrovních — jak “vně” divadelní hry v roli herce, tak i na prknech,která znamenají svět. Není však třeba se obávat, publikum v našem divadle je pouze fiktivní.</p>\r\n<p></p>\r\n<p>Pro bližší konkrétní informace si před hrou přečtěte <a href="http://www.kolvir.cz/derniera-obecne-info.pdf">obecné informace</a> a <a href="http://www.kolvir.cz/derniera-abrakadabra.pdf">scénosled divadelní hry Abrakadabra</a>.</p>', 'David ''Ambeřan'' Maleček', '2013-05-28', 3, 3, 2, 'https://sites.google.com/site/hrajlarp/_/rsrc/1368104804931/hry/obrazky/Derni%C3%A9ra.png', '', '', 'Klub Klamovka, Podbělohorská 3, Praha 5', '19:00:00', ''),
(56, 'Síla bratrství', '<p>Fischerovi. Před první světovou válkou to byla vzorná a pohodová rodina. Byli to lidé s ideály a sny. Ovšem válka zničila jejich lásku a vzájemné dobré vztahy. Všichni, co zůstali, se teď snaží vrátit vše zpět. Ale zjišťují, že to nejde.</p>', '<p><i>Dne 28. července 1914 začala válka. Největší jakou lidstvo do té doby zažilo. Skončila až o dlouhé čtyři roky později. Odhalím vám příběhy těch, kteří v ní museli žít.</p>\r\n<p>(Úvod knihy Síla Bratrství od Martina Schillera)</i></p>\r\n<p> </p>\r\n<p>V roce 1920 napsal před svou smrtí německý voják Martin Schiller knihu, ve které popisoval hrůzy 1. světové války v mnoha na sebe nenavazujících příbězích. Své dílo bohužel nedokázal dokončit. Zemřel při psaní posledního příběhu - Síla bratrství. Právě tento poslední příběh můžete prožít a dokončit.</p>\r\n<p>Síla bratrsvtí je vážná hra s velice silným vnitřním prožitkem. Budete v ní vystupovat jako členové rodiny Fischerů a služebnictva, kteří mají mezi sebou hodně problémů, ale vyřešit je bude skoro nemožné.</p>', 'Tomáš Kalík', '2013-06-26', 4, 2, 0, 'http://gamecon.cz/files/systemove/aktivity/sila-bratrstvi.jpg', '', '', 'Blanická 12, Praha 2', '19:00:00', ''),
(57, 'Proklatě dobré kuře', '<p>Dlouho jsme si mysleli, že hrozby a varování vědců o ekologickém kolapsu Země byly jen plané bláboly a obchodní intriky. Nedávno nastala doba, kdy se každý z nás mohl názorně přesvědčit o jejich pravdivosti. Někteří se bohužel přesvědčili víc než by jim bylo milé, když při hladomoru pomřela skoro polovina obyvatelstva planety a my kdo jsme zbyli jsme nevěděli co bude dál. Tehdy se zjevil vědec a obchodník Fergusson, který přišel se syntetickým způsobem výroby kuřecího masa, který pomohl lidstvu z nejhoršího. Na tohoto člověka, který změnil život každému z nás dnes vzpomeňme v tom nejlepším, protože jsou tomu dva dny, co odešel navždy.</p>', '<p>Začíná zuřivá mediální kampaň, zprávu takové důležitosti jsme v médiích už dlouho neměli. Výsadní právo na přenos oficiálního pořadu do světového vysílání o Fergussonovi sponzorovaného vládami a firmou Fergusson Food Co. získává redakce British Daily Mirror. Tím se novinářům otevírá netradiční pohled do soukromí nejvlivnějšího člověka světa a dost možná objeví něco, co nečekali.</p>\r\n<p>Proklatě dobré kuře je diskusní larp z novinářského prostředí pro 7 hráčů. Lze očekávat práci s informacemi, tajemstvími, množství intrik, zapletených vztahů a zřejmě i nějaké to morální rozhodování. </p>\r\n<p>Hráči si musí vzít hry mobilní telefon. Nebudou jim vznikat náklady, budou jen příjemci. S nabitou baterií!</p>', 'Ondřej "Zak" Staněk, Jaroslav "Roslav" Voves, Jiřina "Toril" Dlabková, Josef "Spize" Podlesák', '2013-06-07', 4, 2, 1, 'https://sites.google.com/site/hrajlarp/_/rsrc/1369148148070/hry/obrazky/ku%C5%99e.png?height=204&width=320', '', '', 'KC Prádelna (Holečkova 38, Praha 5 - Smíchov)', '18:00:00', '<span>HRAJ LARP </span> víkend'),
(58, 'Terapie tmou', '<p>Hra je volně inspirovaná skutečnou terapií tmou, kdy pacient tráví týden o samotě potmě, pro účely larpu se ale jedná o krátkodobou a hromadnou terapii, kterou poskytuje komerčně zaměřené terapeutické středisko.</p>', '<p>Hra je zasazena do současné doby, do libovolného města ČR (pro hru nepodstatné). Hráči zde představují členy rodiny Šedivých a jejich příbuzné – tedy rodinu, která žila až dosud pod taktovkou otce alkoholika a násilníka. Otec, Jiří Šedivý, však před nedávnem sám terapií prošel a díky ní si uvědomil mnoho věcí a došel poznání, jak hanebným člověkem až dosud byl. Touží po tom, aby i ostatní členové rodiny prošli stejnou kúrou a aby spolu poté vyřešili rodinnou situaci... Povede se to?</p>\r\n<p>Samotná hra se odehrává skutečně potmě, mimo složitosti orientace si hráči také vyzkouší, jaké to je se potmě občerstvit.</p>\r\n<p>Upozornění: Terapie řeší vážné otázky a její průběh by mohl být pro slabší povahy traumatizující – před přihlášením to prosím berte na vědomí.</p>', 'Zuzana Malcová', '2013-06-07', 3, 3, 0, 'https://sites.google.com/site/hrajlarp/_/rsrc/1366877379610/hry/obrazky/Terapie%20tmou.jpg', '', '', 'Jana Masaryka 19, Praha', '18:00:00', '<span>HRAJ LARP</span> víkend'),
(60, 'Dark tower II', '<p>"Být rebelem za mříží nebo věznitelem, na tom nezáleží. Všichni jsou vězni své vlastní minulosti a duše..." </p>\r\n<p>Sivias Nolan, Prameny písku </p>', '<p>Komorní larp Dark Tower se odehrává v alternativním světě, kde se střetávají dvě civilizace, Sevanie a Azadská říše. Na pozadí velkých událostí se odehrávají spletité osobní příběhy lidí, jejichž rozhodnutí mohou výrazně ovlivnit průběh dějin. Dark Tower je příběhem cti a lásky, nenávisti a pomsty, ideálů a hodnot. </p>\r\n<p>Larp je zasazen do prostředí vězení Dark Tower, kde se ocitají dvě skupiny lidí, uvěznění Sevaňané a Azadové střežící věž. Napětí narůstá a schyluje se k velkým změnám. Záleží na každém, jak naloží se svým osudem a tajemstvími, která skrývá.</p>', 'Crex tým', '2013-06-08', 5, 3, 3, 'https://sites.google.com/site/hrajlarp/_/rsrc/1369150223348/hry/obrazky/Dark-Tower-2-web.jpg?height=320&width=213', '', '', 'Řetězová 7, Praha 1', '15:00:00', '<span>HRAJ LARP</span> víkend'),
(61, 'Dark tower II', '<p>"Být rebelem za mříží nebo věznitelem, na tom nezáleží. Všichni jsou vězni své vlastní minulosti a duše..." </p>\r\n<p>Sivias Nolan, Prameny písku </p>', '<p>Komorní larp Dark Tower se odehrává v alternativním světě, kde se střetávají dvě civilizace, Sevanie a Azadská říše. Na pozadí velkých událostí se odehrávají spletité osobní příběhy lidí, jejichž rozhodnutí mohou výrazně ovlivnit průběh dějin. Dark Tower je příběhem cti a lásky, nenávisti a pomsty, ideálů a hodnot. </p>\r\n<p>Larp je zasazen do prostředí vězení Dark Tower, kde se ocitají dvě skupiny lidí, uvěznění Sevaňané a Azadové střežící věž. Napětí narůstá a schyluje se k velkým změnám. Záleží na každém, jak naloží se svým osudem a tajemstvími, která skrývá.</p>', 'Crex tým', '2013-06-09', 5, 3, 3, 'https://sites.google.com/site/hrajlarp/_/rsrc/1369150223348/hry/obrazky/Dark-Tower-2-web.jpg?height=320&width=213', '', '', 'Řetězová 7, Praha 1', '10:00:00', '<span>HRAJ LARP</span> víkend'),
(62, 'The kick inside', '<p>Kick Inside je larp o rozdílných stadiích života a o tom, jak se s nimi vyrovnáváme. Hlavními tématy jsou identita, rozhodnutí a přijetí. </p>', '<p>Poznáte čtyři osoby – Agnes, Markuse, Olivii a Thomase – a to ve třech obdobích jejich života. Čekají vás tři paralelní, oddělené příběhy, z nichž každý probíhá ve čtyřech aktech. Všechny příběhy se odehrávají v chatách, které jsou si podivuhodně podobné. </p>', 'Původem švédský larp uvádí Crex tým', '2013-06-08', 6, 6, 0, 'https://sites.google.com/site/hrajlarp/_/rsrc/1369149448617/hry/obrazky/kick%20inside.jpg?height=200&width=196', '', '', 'Klub Klamova, Podbělohorská 3, Praha 5', '15:00:00', '<span>HRAJ LARP</span> víkend'),
(63, 'Iure', '<p>Je to jako probuzení ze spánku. Z dlouhého spánku. A jak realita začíná pomalu prosvítat skrze závoj snu, v hlavě začínají vířit tíživé otázky: „Kde to jsem? Jak jsem se sem dostal? Co se stalo?...“. A hlavně ta nejdůležitější: „KDO jsem?“... Otevíráš oči. V útulné místnosti hledíš do tváří, které odráží stejný zmatek, jaký právě pociťuješ i ty. Čtyři osoby. Stejně oblečené, jako ty. Každá má na hrudi štítek se jménem, které je pro tebe stejně cizí, jako to tvoje. A všechny pohledy směřují k obálce na stole. Po chvíli napjatého ticha se jeden z vás osmělí, bere obálku do ruky, otevírá ji a k údivu vás všech nahlas odříkává první slova onoho dopisu. „Vážená poroto..."</p>', '<p>Iure (právem – překlad z latiny) je krátký komorní LARP pro pět hráčů, kteří představují porotce v soudním procesu tzv. posledního odvolání, či „nejvyššího práva“ – procesu, kdy jsou porotci pro zachování maximální objektivity zcela odděleni od své minulosti a zkušeností. Iure je zdánlivě argumentačním LARPem z prostředí soudního procesu v nedaleké budoucnosti, ve kterém hráči budou nejen rozhodovat o vině či nevině, ale také poodkryjí závoj minulosti svých postav.</p>\r\n<p>Larp Iure je určen zkušenějším hráčům.</p>', 'Martin „Doktor“ Čepelík', '2013-06-09', 2, 3, 0, 'https://sites.google.com/site/hrajlarp/_/rsrc/1366791988682/hry/obrazky/Iure.jpg', '', '', 'Jana Masaryka 19, Praha', '15:00:00', '<span>HRAJ LARP</span> víkend'),
(64, 'Večeře', '<p>Večeře se jako hra odehrává v situaci, kdy syn přivede domů představit rodičům svého přítele, kteří stále nejsou smířeni s jeho sexuální orientací. LARP se zabývá tématy jako je homosexualita, rodina, konflikt tradičních (křesťanských) a moderních hodnot.</p>\r\n', '<p>Tento larp pracuje s trochu volnějším pojetím rolí, které jsou dotvářeny přede hrou pro maximální zaměření na centrální problém hry. Pojímáme ji jako sociální experiment zaměřený na prožití a promyšlení složité situace spojené s našim vnímáním základních hodnot v životě. </p>\r\n<p>Hra rozhodně není míněna jako komedie, spíše očekáváme navazující diskusi, do které larp přinese několik vstupních podnětů.</p>\r\n<p>Hra také obnáší cca 40 minut workshopů před začátkem pro dotvoření postavy a vstup do role, poměrně dlouhou poherní debatu (začne jako reflexe, ale typicky rychle přemorfuje do debaty nad tématy hry), a plnohodnotnou tříchodovou večeři.</p>', 'Ondřej "Zak" Staněk, Jakub "Kop" Hampl, Joachim "Jimi" Veselý', '2013-06-09', 3, 1, 0, 'https://sites.google.com/site/hrajlarp/_/rsrc/1369150157537/hry/obrazky/vecere.jpg', '', '', 'Blanická 12, Praha 2', '16:00:00', '<span>HRAJ LARP</span> víkend'),
(65, 'Předchozí hosté', '<p>Otevřel oči. Ležel přitiskuný k jejím zádům s jednou rukou kolem jejího hrudníku a druhou pod její hlavou. Podíval se na její krk a ramena. Kdyby byla vzhůru, viděla by ten zvláštní výraz v jeho očích. Díval se na ní jiným způsobem. Jako řezník na kus masa.</p>\r\n', '<p>Připadá si, jako kdyby byl mimo své vlastní tělo a díval se sám na sebe. Dívá se na svou vlastní ruku, jak přejíždí po její kůži a začíná ji chytat kolem krku. Vykřikne aby ji probudil, ale nic se nestane. Jen ho jemě pohladí, ale oči neotevře. Pokusí se ji pustit, odtáhnout se od ní, ale nemůže. Vlastní ruka už mu nepatří. Pohlédne do svých vlastních očí, ale nejsou jeho.</p>\r\n\r\nPředchozí hosté je duchařský příběh pracující s výměnami hráčů. Hráči hrají dva příběhy paralelně. Jeden je příběhem mladé důvěřivé lásky a sexuálního objevování, druhý hořkého rozbitého manželství končícího katastrofou.\r\n\r\nJakmile duchové minulosti vtrhnou do přítomnosti, je plně v ruku hráčů, jak příběh skončí. Kdo opustí pokoj živý.\r\n\r\nPříběh, který tě posedne. Neopustíš místnost stejný, jako jsi do ní vstoupil.\r\n', 'Autoři: Frederik Berg Østergaard and Tobias Wrigstad Uvádí: Kateřina Morgain Holendová', '2013-07-11', 2, 2, 0, 'http://jeepen.org/games/previous/frontpage.png', 'http://jeepen.org/games/previous/', '', 'Divadlo D21, Záhřebská 21, Praha 2', '19:00:00', ''),
(66, 'Iure', '<p>Je to jako probuzení ze spánku. Z dlouhého spánku. A jak realita začíná pomalu prosvítat skrze závoj snu, v hlavě začínají vířit tíživé otázky: „Kde to jsem? Jak jsem se sem dostal? Co se stalo?...“. A hlavně ta nejdůležitější: „KDO jsem?“... Otevíráš oči. V útulné místnosti hledíš do tváří, které odráží stejný zmatek, jaký právě pociťuješ i ty. Čtyři osoby. Stejně oblečené, jako ty. Každá má na hrudi štítek se jménem, které je pro tebe stejně cizí, jako to tvoje. A všechny pohledy směřují k obálce na stole. Po chvíli napjatého ticha se jeden z vás osmělí, bere obálku do ruky, otevírá ji a k údivu vás všech nahlas odříkává první slova onoho dopisu. „Vážená poroto..."</p>', '<p>Iure (právem – překlad z latiny) je krátký komorní LARP pro pět hráčů, kteří představují porotce v soudním procesu tzv. posledního odvolání, či „nejvyššího práva“ – procesu, kdy jsou porotci pro zachování maximální objektivity zcela odděleni od své minulosti a zkušeností. Iure je zdánlivě argumentačním LARPem z prostředí soudního procesu v nedaleké budoucnosti, ve kterém hráči budou nejen rozhodovat o vině či nevině, ale také poodkryjí závoj minulosti svých postav.</p>\r\n<p>Larp Iure je určen zkušenějším hráčům.</p>', 'Martin „Doktor“ Čepelík', '2013-07-22', 2, 3, 0, 'https://sites.google.com/site/hrajlarp/_/rsrc/1366791988682/hry/obrazky/Iure.jpg', '', '', 'Divadlo D21, Záhřebská 21, Praha 2', '19:00:00', ''),
(67, 'Večeře', '<p>Večeře se jako hra odehrává v situaci, kdy syn přivede domů představit rodičům svého přítele, kteří stále nejsou smířeni s jeho sexuální orientací. LARP se zabývá tématy jako je homosexualita, rodina, konflikt tradičních (křesťanských) a moderních hodnot.</p>', '<p>Tento larp pracuje s trochu volnějším pojetím rolí, které jsou dotvářeny přede hrou pro maximální zaměření na centrální problém hry. Pojímáme ji jako sociální experiment zaměřený na prožití a promyšlení složité situace spojené s našim vnímáním základních hodnot v životě. </p>\r\n<p>Hra rozhodně není míněna jako komedie, spíše očekáváme navazující diskusi, do které larp přinese několik vstupních podnětů.</p>\r\n<p>Hra také obnáší cca 40 minut workshopů před začátkem pro dotvoření postavy a vstup do role, poměrně dlouhou poherní debatu (začne jako reflexe, ale typicky rychle přemorfuje do debaty nad tématy hry), a plnohodnotnou tříchodovou večeři.</p>', ' Ondřej Zak Staněk, Jakub Kop Hampl, Joachim Jimi Veselý ', '2013-08-06', 3, 1, 0, 'https://sites.google.com/site/hrajlarp/_/rsrc/1369150157537/hry/obrazky/vecere.jpg?height=200&width=200', '', 'Blanická 12, Praha 2', '', '19:00:00', ''),
(68, 'The Strings', '<p>Na čtyři hodiny se ponořte do světa loutek, kde jak vy tak vaši spoluhráči budou zavěšeni na provázcích, tak jako to mají loutky. Jaký tak asi může být život na takovém provázku? Změní se nějak takové běžné věci jako potkávání se, zrození či smrt? \r\nPřijďte si to vyzkoušet na larp, ve kterém si vyzkoušíte, jak by v takovémto světě mohly vypadat poslední okamžiky jedné z postav. Jakou hodnotu má čest a co vše je možné rozprodat pro peníze ...</p>', '', 'Kateřina Kolínská, Jakub Balhar', '2013-08-27', 1, 0, 7, '', '', '', 'Divadlo D21, Záhřebská 21, Praha 2', '18:30:00', '');

-- --------------------------------------------------------

--
-- Struktura tabulky hraj_user
--

DROP TABLE IF EXISTS hraj_user;
CREATE TABLE IF NOT EXISTS hraj_user (
  id int NOT NULL,
  user_name varchar(100) NOT NULL,
  password varchar(100) DEFAULT NULL,
  email varchar(100) DEFAULT NULL,
  gender int DEFAULT NULL,
  phone varchar(20) DEFAULT NULL,
  news int DEFAULT NULL,
  privileges int DEFAULT '0',
  first_name varchar(100) DEFAULT NULL,
  surname varchar(100) DEFAULT NULL,
  PRIMARY KEY (id)
);

--
-- Vypisuji data pro tabulku hraj_user
--

INSERT INTO hraj_user (id, user_name, password, email, gender, phone, news, privileges, first_name, surname) VALUES
(14, 'Balda', '1eb359e1b51eb78a5ddfd161915f8a8e', 'balhar.jakub@gmail.com', 0, '723354354', 1, 2, 'Jakubb', 'Balhar'),
(17, 'Miranda', '17a5ee17a00892c3dacea6436c955f66', 'Malcovazuzana@seznam.cz', 1, '605383739', 1, 0, 'Zuzana', 'Malcová'),
(18, 'Lilie', 'e8dcd5858b23a303fb3f456cd4bb3812', 'horakova.stepanka@gmail.com', 1, '603738701', 1, 0, NULL, NULL),
(19, 'Dominika', '85dcb35fd466342ec8febf4b9cd952ef', 'd.prokopcova@seznam.cz', 1, '733773916', 1, 0, 'Dominika', 'Prokopcová'),
(21, 'Morgain', 'a74dbc7fd63cf720f20b44758e9c08e1', 'morgain.mail@gmail.com', 1, '728341062', 1, 2, NULL, NULL),
(22, 'Limwen', 'ef33e19b54f4b5eae06c6cb40fcbc9cb', 'klara.limwen@gmail.com', 1, '776193619', 0, 1, 'Klára', 'Cíchová'),
(23, 'Kamil', '64007600a27620b17d6d1682abdef573', 'kamil@larp.cz', 0, '721313786', 1, 2, 'Kamil', 'Buchtík'),
(24, 'Cunitek', '1a100d2c0dab19c4430e7d73762b3423', 'cunitek@gmail.com', 0, '602345824', 0, 0, NULL, NULL),
(25, 'Roland', '07e730e72d87c64feb97f2e8886836b4', 'roland21@seznam.cz', 0, '776580305', 0, 0, NULL, NULL),
(26, 'Louda', 'cfb138fb929f42a3cf042bb88509c179', 'louda01@seznam.cz', 0, '607925375', 0, 0, NULL, NULL),
(27, 'Catchena', 'fde27e470207e146b29b8906826589cb', 'martindlabka@gmail.com', 0, '604737834', 1, 1, 'Martin', 'Dlabka'),
(28, 'Larras', '352eb68873c65f829e0e72f6ec39fc60', 'lada.svadlenkova@gmail.com', 1, '732975511', 1, 0, NULL, NULL),
(29, 'papartus', 'fac1c595e1d46c2ae2eecae84d96d18e', 'kuba.slavik@seznam.cz', 0, '733760552', 0, 0, NULL, NULL),
(30, 'benzin', '04a5a8fe2c268edfeb57475e1302fb81', 'benzin@centrum.cz', 0, '777577054', 1, 0, NULL, NULL),
(31, 'Had', '46593216d0c15820d6e0438e43671d36', 'had.snake@gmail.com', 0, '777005801', 1, 0, NULL, NULL),
(32, 'Richie', '9df1da4631de537fef2b272f666aacf8', 'richie.lukas@gmail.com', 0, '728311054', 1, 0, NULL, NULL),
(33, 'davis.3dgrafik', 'a6b09744010f80616978837846a00feb', 'davis.3dgrafik@gmail.com', 0, '739409218', 1, 0, NULL, NULL),
(34, 'Ivy', '9b7b9d10761625719f35161c91aa981f', 'hadri13d@seznam.cz', 1, '736 782 787', 1, 0, NULL, NULL),
(35, 'klair', 'c9aaa0c88f7ebd0ba3b919acd476423a', 'k.doubkova@gmail.com', 1, '602490501', 0, 1, 'Klára', 'Doubková'),
(36, 'Monty', '2d7cbb8e61f1a4c7b927a847e1e00e99', 'montyb@centrum.cz', 0, '+420 776 049 380', 1, 0, 'Martin', 'Bezdíček'),
(37, 'CrazyMys', '1a44ef757654e3150e462af37f5150cb', 'jkb.misek@gmail.com', 0, '602274102', 1, 0, NULL, NULL),
(38, 'chocoblanc', 'a82db1df628baa6100fd24d9412b782c', 's.roni@volny.cz', 1, '607711977', 1, 0, 'Veronika (Bonnie)', 'Staňková'),
(39, 'aknah', 'cfda8209bb550d573eddcf12774fc8eb', 'radova.hana@seznam.cz', 1, '774685510', 1, 0, NULL, NULL),
(40, 'Estanor', '4c05330bbeb18d61f7498247ff79de51', 'estanor@madfairy.cz', 0, '774131720', 1, 0, 'Jindřich', 'Mašek'),
(41, 'shani', 'd551ca174c68012ee7040e720d09847a', 'nicoliatko4@gmail.com', 1, '606080689', 1, 0, NULL, NULL),
(42, 'Nellmegil', 'e6b45ed3a67be2b5aa7aba28461f5fff', 'Nellmegil@centrum.cz', 0, '606764117', 1, 1, 'Jan', 'Chvátal'),
(43, 'Norek', '5d7c4474d16b1eef80cc6e468a0b143a', 'michal.opletal@vscht.cz', 0, '602207866', 0, 0, NULL, NULL),
(44, 'Lewien', '177f6b75da142d09d92cab3c06218e2c', 'lauerovah@seznam.cz', 1, '608139753', 1, 0, NULL, NULL),
(45, 'Keesh', 'efc30e7670b924ac6d3f6f21efcf2a98', 'v.olsansky@seznam.cz', 0, '736443893', 0, 0, NULL, NULL),
(46, 'Liška', '888739bc57e9a2d223b7759ce0a5cc09', 'ana.mullerova@gmail.com', 1, '739962352', 1, 0, NULL, NULL),
(47, 'Eva Činkapi Jedelská', '087bdb1ffe6b3f97ec44d70488169e0b', 'eva.jedelska@seznam.cz', 1, '776 598 577', 1, 0, NULL, NULL),
(48, 'Andilek', '82524d6744b09c19004f7288050b7c1b', 'mariska@centrum.cz', 1, '773137891', 1, 0, NULL, NULL),
(49, 'Pikachu', 'd18442eb9ab8c73b46b90b01b2b3d7ea', 'dominika.kovarovicova@gmail.com', 1, '775320304', 1, 0, 'Dominika', 'Kovarovičová'),
(50, 'Dan', 'bd9cbf6b868f1578f14bfd6ec14aec7e', 'DanBaloun@seznam.cz', 0, '776274068', 1, 0, 'Daniel', 'Baloun'),
(51, 'Mivka', '229a22b24007ae3e34779e6b8bb57c23', 'iva.vavr@gmail.com', 1, '776562450', 1, 1, NULL, NULL),
(52, 'Maasha', '82769ad9438acb7ef5f3239d70313d73', 'honza.masek@gmail.com', 0, '603462419', 0, 0, NULL, NULL),
(53, 'Artemis', '955db0b81ef1989b4a4dfeae8061a9a6', 'julie.melicharova@gmail.com', 1, '736638153', 1, 0, NULL, NULL),
(54, 'misssicccka', 'dbe0e16966daffb59dbcfa059a0dae92', 'misakmiska@post.cz', 1, '733640098', 1, 0, NULL, NULL),
(55, 'colecka', '2ff3f61681ee16230dd969a6a5f8c9b8', 'hana.krutinova@centrum.cz', 1, '737912193', 1, 0, NULL, NULL),
(56, 'Alexandr', '60dec2630486dd140bdf4cde4f88bb87', 'alexandr.radecky@gmail.com', 0, '739555415', 1, 1, NULL, NULL),
(57, 'fuli', '86cc74041b7992338d55a63b96b13d35', 'darklighter@seznam.cz', 0, '731706003', 1, 0, NULL, NULL),
(59, 'Kešu', '84f6a4eef61784b33e4acbd32c8fdd72', 'tereza.kunrtova@gmail.com', 1, '722669652', 1, 0, 'Tereza', 'Kunrtová'),
(60, 'zbycz', '72bec382bef57b5ca8884dcc4efc9926', 'zbytovsky@gmail.com', 0, '773109100', 0, 0, 'Pavel', 'Zbytovský'),
(61, 'Anbo', '3ae4801ff717bafea9d4a3e93783fe34', 'hanka.argentis@seznam.cz', 1, '+420 733 458 667', 1, 0, 'Hana', 'Maturová'),
(62, 'Pirosh', 'd83309238d530fdd1dcedd6c69e09210', 'martin.buchtik@gmail.com', 0, '723754547', 0, 0, 'Martin', 'Buchtík'),
(63, 'Lenka R.', 'efa559316b6e9945d31287d96723cf4f', 'rudovalenka@gmail.com', 1, '728680111', 1, 0, 'Lenka', 'Rudová'),
(64, 'Zenzu', '0a7658728ae3a3e964acbf8732c3327d', 'zvonesova@gmail.com', 1, '728764218', 1, 0, 'Zuzana', 'Vonešová'),
(65, 'jakubridel', 'bc57776334d235b680e5f4a93a0c07de', 'jakubridel@gmail.com', 0, '737270414', 1, 0, 'Jakub', 'Řídel'),
(66, 'Woody', '2526ee86ee1d5ad5fd1d763906fec373', 'michaelapusink@centrum.cz', 1, '733320321', 0, 0, 'Michaela', 'Dršková'),
(67, 'eva.byrtus', '8fecc375f57cf2e76436329a3777d8b4', 'eva.byrtus@o2.com', 1, '720758682', 1, 0, 'Eva', 'Byrtus'),
(68, 'Michaela', 'e961b2ac40aac4cc36a8bf65bca9177e', 'michaela.samal@volny.cz', 1, '608178206', 1, 0, 'Michaela', 'Šámalová'),
(69, 'silentbob', 'ab17850978e36aaf6a2b8808f1ded971', 'silentbob@silentbob.cz', 0, '736611271', 1, 0, 'David', 'Stastny'),
(70, 'Kevin', '5c18357a8665c646d4cadbc8457e046b', 'vojtechprihoda@seznam.cz', 0, '606193256', 1, 0, 'Vojtěch', 'Příhoda'),
(71, 'Sláva', 'ce5592d0e23944f3a4909a5a573fa804', 'kuba.slavik@seznam.cz', 0, '733760552', 0, 0, 'Jakub', 'Slavík'),
(72, 'Vojtěch', 'f1bdad75779d81aac9b152cfbe769955', 'vojtech.suchy@seznam.cz', 0, '721079468', 0, 0, 'Vojtěch', 'Suchý'),
(73, 'Bagu', '0c20d04f79e39360cc11e21c2eb851ea', '4barakuc@gmail.com', 1, '721088056', 1, 0, 'Barbora', 'Kučerová'),
(74, 'Burka', '066273dbf52a3a6a2f0117756cbfe01f', 'burrrka@gmail.com', 1, '724039881', 1, 0, 'Barbora', 'Blažková'),
(75, 'Anhalt', '7bc1342913c1b66ff262451c1ebea7cf', 'marek.melsa@seznam.cz', 0, '604700347', 1, 0, 'Marek', 'Melša'),
(76, 'Vercule', '79543d3f513a6d640df9ceffb0a75259', 'verca.s@seznam.cz', 1, '607752931', 1, 0, 'Veronika', 'Svobodová'),
(77, 'morwenna', '2e11097cd723f7c63817bed10963f356', 'alena.durigova@centrum.cz', 1, '+420774503842', 0, 1, 'Alena', 'Jandová'),
(78, 'Mathy', '8485bbb9815968d8440646dc15373c11', 'mathy@dacicti.cz', 0, '721849755', 0, 0, 'Martin', 'Matějka'),
(79, 'Vlasta', '2336a31c7792c8ac862f8e3f7310523a', 'peksa.vlastimil@centrum.cz', 0, '732547504', 1, 0, 'Vlastimil', 'Peksa'),
(80, 'Enethen', '1229589df097c126c2863617ebf1aa43', 'ela.s@post.cz', 1, '724259523', 1, 0, 'Eliška', 'Sobotová'),
(81, 'Patrik', 'ee8ff9c6fe9e55e6127fa6d3ad702128', 'krupickapatrik@gmail.com', 0, '607629651', 1, 0, 'Patrik', 'Krupička'),
(82, 'Axie', '6318ac5dac4483611bbaa63387edd333', 'axie-p@seznam.cz', 1, '737322186', 1, 0, 'Petra', 'Pečinková'),
(83, 'rysa', '33138d5f8eebfff803bf2e783cc003ed', 'marketka.t@gmail.com', 1, '733 326 688', 0, 0, 'Markéta ', 'Tichá'),
(84, 'Ivo', '7f676f1a0900016e6be2ea260d48715d', 'sebek.ivo@seznam.cz', 0, '602322847', 1, 0, 'Ivo', 'Šebek'),
(85, 'marketpet', '8e1d78a9aed25b6ecfc2b35af9173ae6', 'marketpet@seznam.cz', 1, '723 770 599', 1, 0, 'Markéta', 'Peterková'),
(86, 'Rubča', 'a960fd6c83d2e845de7b753f99d6fc09', 'lucie.r@atlas.cz', 1, '604267268', 0, 0, 'Lucie', 'Rubenová'),
(87, 'ardevan', '910537595833d208bf037ec5fcf1962c', 'ardevan@seznam.cz', 1, '739622189', 0, 1, 'Pavla', 'Dousková'),
(88, 'jk', 'b52d4da1f90fae5b36c8b9494717753a', 'jk@ks.cz', 0, '604502496', 1, 0, 'Jan', 'Kulveit'),
(89, 'Lucka', '3698d309da4c651dea4baa31a8dd0600', 'vopour@seznam.cz', 1, '723709667', 1, 1, 'Lucie', 'Chlumská'),
(90, 'Ainee', '17297cf425959d503e16db5e9b4617a8', 'wagnerova.anna@seznam.cz', 1, '732 607 456', 1, 0, 'Anna', 'Wagnerová'),
(91, 'Vlasáč', '4c4c0f4311d0382acb037794961e7d7c', 'marek.melsa@seznam.cz', 0, '+420 604 700 347', 1, 0, 'Marek', 'Melša'),
(92, 'PEEPA', 'f5c35f9065b2a4945572ebe372380de4', 'xpeepax@seznam.cz', 0, '606949931', 0, 0, 'Petr', 'Holenda'),
(93, 'jitka', '77035de17bdb071817c1c7c171adb468', 'jitka@ucw.cz', 1, '0', 0, 0, 'Jitka', 'Novotná'),
(94, 'Shaika', '647415414519bc64d8968e18b9d36779', 'sonda4@seznam.cz', 1, '776733282', 0, 0, 'Ludmila', 'Jarošová'),
(95, 'Jewane', '1cac60ea13843b8f4f452bba97d293e9', 'jancaruzickova@gmail.com', 1, '777013634', 1, 0, 'Jana Isabella', 'Růžičková'),
(96, 'hyg', '1dbcb8ab75b750cfdc4a7a3ea3763750', 'anthony.kanat@gmail.com', 0, '775114560', 1, 0, 'Antonín', 'Kanát'),
(97, 'Noiz', '2a90cdc308724b789530082f65c8d10b', 'honzasocha@centrum.cz', 0, '773057014', 1, 0, 'Jan', 'Socha'),
(98, 'jk4', '955db0b81ef1989b4a4dfeae8061a9a6', 'jk4.hrajlarp@ks.cz', 0, '604502496', 1, 0, 'J.', 'K.'),
(99, 'PetrFin', '16737af2b9f98662c23687c46817ed28', 'pet.sykora@gmail.com', 0, '604350830', 1, 0, 'Petr', 'Sýkora'),
(100, 'gordhart', '9a483c217e91a60151201e239979e98e', 'pepa_lopata@centrum.cz', 0, '608208949', 1, 0, 'Roman', 'Čech'),
(101, 'HonzaBB', 'e0eafcd0dfc6ccf5995a1b227a85af05', 'jan.braunsberger@gmail.com', 0, '734419920', 1, 0, 'Honza', 'Braunsberger'),
(102, 'Luczi', '30ca06ed3e2bef69fc54d13ea9f1d530', 'luckaten@seznam.cz', 1, '732775945', 1, 0, 'Lůca', 'Čiháková'),
(103, 'Petrius', '58117a40567ad2efbacfbea193d1bc80', 'petrius@seznam.cz', 0, '720756722', 1, 0, 'Petr', 'Turoň'),
(104, 'zk', '261dc593e0dd8e073697148ae4c5679a', 'b.kamil@centrum.cz', 0, '121223309', 1, 0, 'Pepa', 'Zdepa'),
(105, 'Marty', 'c75a63dae3bd8342572dfa13beebf7aa', 'cavalerie@email.cz', 0, '774504670', 0, 0, 'Martin', 'Micka'),
(106, 'lemming', 'b30e5db11bae5aff75497be455ae67dd', 'lemming@ucw.cz', 0, '603936975', 0, 0, 'Michal', 'Kára'),
(107, 'Haitagan', '53e57afecbd442f87b8347a93e832a64', 'jakub.janovsky@gmail.com', 0, '774635101', 0, 0, 'Jakub', 'Janovský'),
(108, 'Elf', '9986966b7a9257c52171c81feae9861a', 'Milamber21@gmail.com', 0, '737688462', 0, 0, 'Jan', 'Otipka'),
(109, 'Štěpán', '7cd295758a3051daa39128a1120b892e', 'stepan.fucik@gmail.com', 0, '606584986', 1, 0, 'Štěpán', 'Fučík'),
(110, 'Kaorlik', '7ee4b93e0a79890e02f87a979584e695', 'karolkutnarova@seznam.cz', 1, '775228434', 1, 0, 'Karolína', 'Kutnarová'),
(111, 'Iva', '23e05460dd73387a2663fc0a23499a20', 'iva.sobotkova@gmail.com', 1, '734862369', 1, 0, 'Iva', 'Sobotková'),
(112, 'Skokan', '4a804b2209b15b72eb83178f295f8d22', 'skokan.votruba@gmail.com', 0, '728661535', 1, 0, 'Martin', 'Votruba'),
(113, 'Oslík', '910537595833d208bf037ec5fcf1962c', 'ardevan@seznam.cz', 1, '739622189', 1, 0, 'Pavla', 'Dousková'),
(114, 'Shako', '5bc419949758a9640d6bd88ecd18098d', 'karel.nejedlik@post.cz', 0, '728035565', 1, 0, 'Karel', 'Nejedlík'),
(115, 'HanyBuny', 'd32e0c7bf2cbd716fbfdba8bda8306f0', 'hana.pavlinova@gmail.com', 1, '724798580', 1, 0, 'Hana', 'Pavlínová'),
(116, 'sonikmh', '38ba91a91c7dc6f728fe34a3a14885d3', 'sonik.mh@centrum.cz', 0, '608145473', 1, 0, 'Michal', 'Holubec'),
(117, 'just-paja', 'fd61fc1cecfff6ea867104d501469e15', 'just.paja@gmail.com', 0, '+420608212242', 0, 0, 'Pavel', 'Žák'),
(118, 'Doktor', '26d45a2ca8fbed39f66afe8b5af693f3', 'cepelikm@volny.cz', 0, '605529133', 0, 0, 'Martin', 'Čepelík'),
(119, 'amberan', 'd3617e0c2ab361f8891a230104a1bd33', 'amberan@gmail.com', 0, '777 625 528', 0, 0, 'David', 'Malecek'),
(120, 'Eriu', '5cc2df5e59a0e6defb0c6b8ef3fc1c27', 'erion@centrum.cz', 1, '775116670', 1, 0, 'Michaela', 'Schwarzová'),
(121, 'Tenrai', 'c084289dddfac401a3a0132a731e4c49', 'tenrai@seznam.cz', 1, '606105429', 0, 0, 'Barbora', 'Klapalová'),
(122, 'Genevieve', '73517c0fa662e90f89af80faf136b517', 'annavrtalkova@gmail.com', 1, '723754889', 1, 0, 'Anna', 'Vrtálková'),
(123, 'Matej', 'f6c7386ef82306e0441f8c405310c980', 'mathew5791@gmail.com', 0, '777109963', 0, 0, 'Matej', 'Leitner'),
(124, 'Jack', 'a954c3a01de2f7f84d53a65019a15e01', 'Jack.fd@seznam.cz', 0, '775205088', 0, 0, 'Jan', 'Zmeškal'),
(125, 'Cenzanni', 'dff131795aa0ecffe8a8a59732bf750c', 'cenzanni@gmail.com', 0, '732872780', 1, 0, 'Jakub', 'Křenek'),
(126, 'margarette312', 'e7b086525212c0a8398c687ff0e2131d', 'marketarajnochova@seznam.cz', 1, '728 349 735', 1, 0, 'Markéta', 'Rajnochová'),
(127, 'Terka', '249cc6ad884dba19f64e088098b3db4e', 'markova.t@seznam.cz', 0, '732705889', 0, 0, 'Tereza', 'Marková'),
(128, 'Isberius', '7a80fd89737d2550d32472a7c2cb2a68', 'ocicko14@seznam.cz', 0, '721559079', 0, 0, 'Jakub', 'Štěpán'),
(129, 'Astralien', 'e4267f47089382ea209ea15690d5a492', 'jajanovo@centrum.cz', 1, '776785140', 1, 0, 'Jana', 'Novotná'),
(130, 'Placka', '021fed22a48445cfec9c906c837212b2', 'tereza@thar.cz', 1, '602344181', 0, 0, 'Tereza', 'Bartekovs'),
(131, 'hádě', '2fe44044f40217387daaf299f2eb7340', 'legatovabarbora@seznam.cz', 1, '737866831', 1, 0, 'Barbora', 'Legátová'),
(132, 'burgakova', 'd9116e94372289d5679ee6bcf7fc0b4b', 'Evanis@seznam.cz', 1, '739970746', 1, 0, 'Eliska', 'vondrakova'),
(133, 'Myš', 'd7c05328c285fb16feff3dc4590bba18', 'cerna.mys@centrum.cz', 1, '774058206', 1, 0, 'Michaela', 'Schwarzová'),
(134, 'Tirius', 'db4816bc5cfd2c4089b7b599bffad3b0', 'jan.stanek4@gmail.com', 0, '776-773-498', 1, 0, 'Jan Jonáš', 'Staněk'),
(135, 'Fantom', 'a64d3a5932675fee3e83da8362b51604', 'rastafari@volny.cz', 0, '731721442', 1, 0, 'Tom', 'Tychtl'),
(136, 'Hroch', 'db4816bc5cfd2c4089b7b599bffad3b0', 'hroch.nekovar@gmail.com', 0, '773691550', 0, 0, 'František', 'Nekovář'),
(137, 'Jane', 'eb963016ae236a73f291c8c0018d958c', 'jana@misek.eu', 1, '723669727', 1, 0, 'Jana', 'Míšková'),
(138, 'Béďa', 'db4816bc5cfd2c4089b7b599bffad3b0', 'beda.sumec@gmail.com', 0, '720166637', 0, 0, 'Michal', 'Červenka'),
(139, 'Nicolas', '89655eff97d44a6a5fccd6e69364f24a', 'pnobst@gmail.com', 0, '775328001', 1, 0, 'Petr', 'Nobst'),
(140, 'Swaliik', 'faf2ca38c02c5f2ba1c49d200a03f9fb', 'mathy@dacicti.cz', 0, '721849755', 0, 0, 'Martin', 'Matějka'),
(141, 'Peldric', '698967f805dea9ea073d188d73ab7390', 'karpetr@volny.cz', 0, '607126420', 1, 0, 'Petr', 'Urban'),
(142, 'Berry', '471fb385b956eda42ac90deec0191846', 'bibi.opice@seznam.cz', 1, '775237226', 1, 0, 'Berenika', 'Opletalová'),
(143, 'Killien', 'b059aad1dd9df68ef25a78f6afc7dc33', 'killienek@gmail.com', 0, '777154331', 0, 0, 'Zbyněk', 'Štajer'),
(144, 'Balú', '8f6b983ad06881847a180f1398910891', 'b.lyckova@gmail.com', 1, '721672777', 1, 0, 'Barbora', 'Lyčková'),
(145, 'nedorluc', '3aa2a3680808682d7bbf330f54701166', 'lucie.nedorostova@seznam.cz', 1, '+420603263365', 1, 0, 'Lucie', 'Nedorostová'),
(146, 'chasník', '850af74cec802f927676dfb8e02b582d', 'chasnikuv@gmail.com', 0, '732400524', 1, 0, 'Pavel', 'Tatíček'),
(147, 'Rilven', 'ad294a6e020c02b271e86885d0f3ac34', 'rilven.demonka@gmail.com', 1, '777736846', 1, 0, 'Radka', 'Hrotková'),
(148, 'radek', '0903f67aa4d1a3e566a476705d0845a4', 'spam@hlubina.com', 0, '731103135', 1, 0, 'radek', 'lan.'),
(149, 'gavento', 'e7a11fdd239b25a896f2eb8bb35a7db5', 'gavento@gmail.com', 0, '+420 605014658', 1, 0, 'Tomáš', 'Gavenčiak'),
(150, 'Artemyska', '21bb5bb51758eab175d4d640334abba0', 'julie.melicharova@gmail.com', 1, '736638153', 1, 0, 'Julie', 'Melicharová'),
(151, 'kanasu', '9f3ed1b0099c6cc55c32fcfb453906bf', 'kanasu@seznam.cz', 1, '606586760', 1, 0, 'Natálie Karla', 'Suchá'),
(152, 'Terezka', '07cb643ecd3a4f4a8da7033667d6d469', 'tkralova@email.cz', 1, '775286333', 0, 0, 'Tereza', 'Králová'),
(153, 'Davidf', 'c462ce3747339b1b8890a9ed9f1916f0', 'davidfrantisekwagner@gmail.com', 0, '721030120', 0, 0, 'David František', 'Wagner'),
(154, 'Zuzka', '3dcadd16b2f752ba4cea1b365ca89f4c', 'z.karasova@centrum.cz', 1, '775030687', 0, 0, 'Zuzana', 'Karasová'),
(155, 'Denny', '34b9912e68947692626da8c011370d70', 'marekstoklaska@gmail.com', 0, '776533351', 1, 0, 'Marek', 'Stokláska'),
(156, 'radekl', '955db0b81ef1989b4a4dfeae8061a9a6', 'spam@hlubina.com', 0, '731103135', 1, 0, 'radek', 'lan'),
(157, 'Harald', '09cd426c5c8c1d706d88157c4f4061ff', 'pkaminek@gmail.com', 0, '602602920', 0, 0, 'Petr', 'Kaminek'),
(158, 'Sutrak', 'c2bcecb05525f1c864157d37639bec13', 'matej.sutr@gmail.com', 0, '777777 963 402', 0, 0, 'Matěj', 'Sutr'),
(161, 'Eleyne', 'f29ad0c792f53a3e3302b8991c4a1259', 'alenakop@gmail.com', 1, '777938721', 1, 0, 'Alena', 'Kopecká'),
(162, 'tutchek', '8358191dd7aeba4a3427b5c5e6648ce1', 'michal@tulacek.eu', 0, '777137501', 1, 0, 'Michal', 'Tuláček'),
(163, 'Visenna', '11255c114e1264c6aa07bdacb02076ae', 'xchameleon@seznam.cz', 1, '777182156', 1, 0, 'Kateřina', 'Zákostelská'),
(164, 'Kytka', '289ffeb2a745ccf51ca89a297f47e382', 'L.Brychta@seznam.cz', 0, '604270193', 1, 0, 'Lukáš', 'Brychta'),
(165, 'noby', '83b4ef5ae4bb360c96628aecda974200', 'tomadamec@gmail.com', 0, '608848068', 1, 0, 'Tom', 'Adamec'),
(166, 'Dr. Neny', '4a1c5a1ec0404b2ae4873f8039cbb0db', 'neny@ff.zcu.cz', 0, '728915101', 1, 0, 'Jiří', 'Nenutil'),
(167, 'Orzo', '5b277c735f1788ac94c8f1d94333b518', 'orziik@gmail.com', 0, '605714143', 1, 0, 'Ondřej', 'Benda'),
(168, 'viktor', '395ef36e0b13c347eafc390d871f4859', 'viktor.mail@seznam.cz', 0, '+420775248696', 1, 0, 'Viktor', 'Zemene'),
(169, 'Ace', '37b1202ffbec121b5250a3f8265262e6', 'drbala@chello.cz', 0, '777777777', 0, 0, 'Radek', 'Drbala'),
(170, 'Istamir', 'a33d50f11cadc959c1b7a9e444b03dbf', 'istamir@centrum.cz', 1, '604444611', 0, 0, 'Růžena', 'Lišková'),
(171, 'Prasek323', 'aee8d333c0f0e937904e8716f86db506', 'pasekt@seznam.cz', 0, '10na špekový knedlík', 0, 0, 'Tomáš', 'Pašek'),
(172, 'Ettelwen', 'fc9afe6336b791f23aaa502626c9fa21', 'elvenwizard@gmail.com', 1, '737016921', 0, 0, 'Barbora', 'Hejduková'),
(173, 'Iva Sobotková', '23e05460dd73387a2663fc0a23499a20', 'iva.sobotkova@gmail.com', 1, '734862369', 1, 0, 'Iva', 'Sobotková'),
(174, 'Zevla', '622c428cb2db3988326056147de12c55', 'negdonegde@gmail.com', 1, '732850693', 0, 0, 'Zevla', 'Zevla'),
(175, 'Punkenstein', 'ef96a39178dc6d77d1bdfda5cfc91263', 'krystof.samal@centrum.cz', 0, '776193420', 0, 0, 'Kryštof', 'Šámal'),
(176, 'Levi', 'c35312fb3a7e05b7a44db2326bd29040', 'levi.levi@seznam.cz', 0, '608523924', 0, 0, 'Jakub', 'Hruška'),
(177, 'Dominika2', '5fdbaa182a922893a609498542bfe409', 'DominikaSklepova@seznam.cz', 1, '776255584', 1, 0, 'Dominika', 'Sklepova'),
(178, 'natalka', '53388177b0ede57c20c064f11fcfd3e4', 'natalie.oweyssi@gmail.com', 1, '608420427', 0, 0, 'Natelie', 'Oweyssi'),
(179, 'fishbone', '410e3bd677ac6252f216fa8c11083875', 'burian.martin.arl@gmail.com', 0, '728309548', 0, 0, 'Martin', 'Burian'),
(180, 'Ondřej', 'b16c97f8a0d87f0f8283cd641db3fdd9', 'o.suhaj@gmail.com', 0, '723667161', 1, 0, 'Ondřej ', 'Šuhaj'),
(181, 'Zak', '175b7e90c39166c9ab4ab70b8d57924f', 'Zakbarbar@gmail.com', 0, '731278401', 1, 0, 'Ondra', 'Staněk'),
(182, 'Lex', '0f837ae5d0ed640dfd615c4ea21d5f5c', 'ruzicpet@gmail.com', 0, '777962490', 1, 1, 'Petr', 'Růžička'),
(183, 'hribalos', 'c8bace5a70fd699b99d5733c011e9ee7', 'so.hr@seznam.cz', 1, '+420775656069', 1, 0, 'Soňa', 'Hříbalová'),
(184, 'Itusa', '7d783eaa259883458ef1bc32a585dcc0', 'julie.itusa@gmail.com', 1, '775658543', 1, 0, 'Julie', 'Opletalová'),
(185, 'Rorri', '6853c3b5badca78171fd498ce7094cbf', 'raduskah@email.cz', 1, '776036209', 1, 0, 'Radka', 'Hájková'),
(186, 'kofola', '79016969e5e4254721d052812ebce9d1', 'raduskah@email.cz', 1, '776036209', 1, 0, 'Zdena', 'Balážová'),
(187, 'Rak', '2189151a8493258e858dadf23c537042', 'varaz123@gmail.com', 0, '736270379', 1, 0, 'Antonín', 'Mareček'),
(188, 'Zuza', '3fa7ffe907521378f4ad30e0f5ffd62c', 'zuzana.pitterova@post.cz', 1, '605507058', 1, 0, 'Zuzana', 'Pitterová'),
(189, 'Torque', 'd732f98dd3f62d5c77ed33339048c2dd', 'kolinsky.jan@gmail.com', 0, '603119006', 1, 0, 'Jan', 'Kolínský'),
(190, 'rancor', '2e11097cd723f7c63817bed10963f356', 'rancor@centrum.cz', 0, '774330123', 0, 0, 'Jiří', 'Janda'),
(191, 'argannah', '984090fa9d748ac6c6fedbdd09bc0ff1', 'zuzanakosticova@gmail.com', 1, '728532083', 1, 0, 'Zuzana', 'Kostićová'),
(192, 'oldri', '7c30c942da74b4453a70c0208175ac6e', 'oldri23@seznam.cz', 1, '737584082', 0, 0, 'Oldřiška', 'Sedláčková'),
(193, 'honzastrnad', '087ae17a9c10402305fe762c0c42b31f', 'honzastrnad@centrum.cz', 0, '724027482', 1, 0, 'Jan', 'Strnad'),
(194, 'Hlaine', 'fd4bbb25ada3760fed9ded3654148143', 'dan_han@volny.cz', 0, '777617369', 0, 0, 'Daniel', 'Hanikýř'),
(195, 'Alyxandra', 'cb7aef41f564e00a8ea9c27ff132fe37', 'zlatyusvit12@gmail.com', 1, '602128872', 0, 0, 'Michaela', 'Štovčíková'),
(196, 'skaal.', '82cc5a585d303b2db3f2d82b3b9af4c1', 'prikryl.david@gmail.com', 0, '775975340', 1, 0, 'David', 'Přikryl'),
(197, 'Pribi', '2fd9b774c11ef8d1b7816f53341c8409', 'lucifirek@gmail.com', 1, '605280489', 1, 0, 'Lucie', 'Zdráhalová'),
(198, 'Helena', 'f9983f9f015816215e69ae2e318c5ade', 'helenasramek@gmail.com', 1, '731115232', 0, 0, 'Helena', 'Šrámková'),
(199, 'Honza', 'db8f47a2eddf4eafdecd740551371e0d', 'marsalekhonza@gmail.com', 0, '+420777009810', 0, 0, 'Jan', 'Maršálek'),
(200, 'Orbit', 'd5657f3c471242932cd0337e47d6ce06', 'degard@centrum.cz', 0, '739040967', 0, 0, 'Jakub', 'Růžička'),
(201, 'verka', 'a59a358f3b9f747b4bf8b37fc8dcae88', 'veruskaz@gmail.com', 1, '776777969', 1, 0, 'Věrka', 'Zezulková'),
(202, 'ondrej.cech', '9f06281331b1bb934ffa1ec25623cbd4', 'ondrej.cech.cz@gmail.com', 0, '721355304', 0, 0, 'Ondřej', 'Čech'),
(203, 'Myskha', '055f20294cbbe2dc1e130e8fa35da5fe', 'Michaelajankularova@gmail.com', 1, '721380936', 0, 0, 'Michaela', 'Jankularova'),
(204, 'Feya', '2e9ff838d5311b67cd3a1bf03d630161', 'aneta.martincova@seznam.cz', 1, '722091280', 1, 0, 'Aneta', 'Martincová'),
(205, 'rezacm', '5b906a2c3eadbb479b0f9e688ba96d30', 'rezacm@seznam.cz', 0, '737001010', 1, 0, 'Miroslav', 'Řezáč'),
(206, 'TerezaHromadkova', '955db0b81ef1989b4a4dfeae8061a9a6', 'tereza.hromadkova@economia.cz', 1, '0', 0, 0, 'Tereza', 'Hromádková'),
(207, 'tarran', '772d879091a0390db69435010f8ff8bb', 'dodafka@seznam.cz', 0, '605283658', 0, 0, 'David', 'Šebek'),
(208, 'pyverrn', '65487d481dfa02d76c528cb04ad617cb', 'pyverrn@seznam.cz', 0, '737653856', 0, 0, 'Jan', 'Peterka'),
(209, 'markyparky', '99bb4d426c0280162ec0c7be85d22401', 'markyparky@volny.cz', 0, '602195353', 0, 0, 'Filip', 'Dvořák'),
(210, 'stinny', '632e8221cf58e79d02ae9d026b9be054', 'michal.svagerka@gmail.com', 0, '774698987', 0, 0, 'Michal', 'Švagerka'),
(211, 'tsteiner', '3c24c48da9c36c22a027bdab0f6ebab3', 't.steiner@email.cz', 0, '608 280 166', 1, 0, 'Tomáš', 'Steiner'),
(212, 'tokidoki2', '2612bc66fb42b6fe1f810c5009d36a55', 'mzlon@seznam.cz', 0, '776002015', 0, 0, 'Matěj', 'Zlonický'),
(213, 'Annie7', '1b6a4f94570f8aa83a12969ed41021ba', 'fialova.sedma@email.cz', 1, '604 313 712', 0, 0, 'Anna', 'Žáková'),
(214, 'vhlaves', 'fac31f3ce0dfef2b4faa5aec516b5913', 'vojtechhlaves@seznam.cz', 0, '736538302', 0, 0, 'Vojtěch', 'Hlaveš'),
(215, 'Hana Kuželková', '450816e34dd67e492aa324060599fbcf', 'hanka.kuzelkova@gmail.com', 1, '737168766', 0, 0, 'Hana', 'Kuželkova'),
(216, 'cepelikm', 'cadfbead18a4c290eec7aedbea0523a3', 'cepelikm@volny.cz', 0, '605529133', 0, 0, 'Martin', 'Čepelík'),
(217, 'Chajim', '1d921f130eb254bd43ccfb3a19053a2b', 'nezvestny@seznam.cz', 0, '776 075 912', 0, 0, 'Dan', 'Fayette'),
(218, 'Riikka', 'ff91e72b694a04302d3659535bf241e8', 'gita.voltrova@gmail.com', 1, '732550412', 1, 0, 'Gita', 'Voltrová'),
(219, 'Seecorka', 'a6ef94f766df882023f6aa6e4f212792', 'ondras.sykora@gmail.com', 0, '774573269', 0, 0, 'Ondřej', 'Sýkora'),
(220, 'Pyrokar', '655d61737bd7b65c2e7d31888950dddc', 'genialni.marek@seznam.cz', 0, '723831647', 0, 0, 'Marek', 'Křiklán'),
(221, 'Šuhinka', 'cf407602f890dc4414bc0d33ee3aa4db', 'ivanka.suhinka@seznam.cz', 1, '733 391 115', 1, 0, 'Ivana', 'Šuhajdová'),
(222, 'Dadajz', '301a3342c7a8f1877023416acaea9e6d', 'dadule.s@gmail.com', 1, '732958536', 1, 0, 'Daniela', 'Součková'),
(223, '19081991', '3f9fd8fc02893c18bb33afa1289ae39b', 'marek.melsa@seznam.cz', 0, '604700347', 1, 0, 'Marek', 'Melša'),
(224, ' CrazyMys', '1a44ef757654e3150e462af37f5150cb', 'jkb.misek@gmail.com', 0, ' 602274102', 0, 0, 'Jakub', 'Míšek'),
(225, 'minevaan', '4275fde3df929ce6e8d686a06eb32884', 'minevaan@gmail.com', 1, '774101990', 1, 0, 'Andrea', 'Mineva'),
(226, 'houly', '8248eb9f124b7d63af7cadb847feb181', 'houlypetr@seznam.cz', 0, '775268587', 0, 0, 'Petr', 'Holý'),
(227, 'Zik', '2eeb1a32112b20d25ed93688916abca7', 'janfajmon@seznam.cz', 0, '776892029', 0, 0, 'Jan', 'Fajmon'),
(228, 'Bedus', 'd7304f0a706398d6ae4365fe7eff2289', 'tereza.bednarska@seznam.cz', 1, '732672646', 0, 0, 'Tereza', 'Bednarská'),
(229, 'Borůvka', 'bb48c9059c8d767cd9b33b94160676f0', 'boveru@seznam.cz', 1, '608862653', 1, 0, 'Veronika', 'Růžičková'),
(230, 'Roslav', 'c38174b524a1bd81aaa54529b670c0fb', 'pjv@seznam.cz', 0, '602432567', 1, 0, 'Jaroslav', 'Voves'),
(231, 'kachna', 'd2914a96a5675db80742df24df03afec', 'katerina.vackova@volny.cz', 1, '602729758', 0, 0, 'Kateřina', 'Vacková'),
(232, 'aki', '3c67827083cf26aec6f640116b3ab0bd', 'ciko.rys@gmail.com', 0, '722590066', 0, 0, 'Jakub', 'Matas'),
(233, 'Jola', '21b72c0b7adc5c7b4a50ffcb90d92dd6', 'zdenickalisticka@gmail.com', 1, '721757352', 1, 0, 'Zdenka', 'Lišková'),
(234, 'Narya', '1986d519ed481e14fed970acdbff3de8', 'ivusenie@seznam.cz', 1, '774337437', 0, 0, 'Iva', 'Štichauerová'),
(235, 'dalila6', '5ca928c53aaccf34b171f4266143a217', 'mojziskova.jana@seznam.cz', 1, '739303890', 1, 0, 'Jana', 'Mojžíšková'),
(236, 'Kathy', '8cdf69380667d15e38d5596ff9a6d0cf', 'kvancurova@gmail.com', 1, '777194143', 0, 0, 'Katerina', 'Vancurova'),
(237, 'Jenda', '70519e17ae1be2233f95cebea5060009', 'jendavancura@gmail.com', 0, '739058137', 0, 0, 'Jan', 'Vancura'),
(238, 'Ohnivavoda', 'ed3feedc99ccf93c579d0403b74e75b1', 'eva.bartunkova.54@facebook.com', 1, '777639481', 0, 0, 'Eva', 'Bartůňková'),
(239, 'Bětka', 'db4816bc5cfd2c4089b7b599bffad3b0', 'betus.semrova@gmail.com', 1, '776773498', 0, 0, 'Alžběta', 'Šemrová'),
(240, 'Swem', '49dc40ebb2ad30ff44777a50d653202d', 'Lukas.Komurka@seznam.cz', 0, '732775033', 0, 0, 'Lukáš', 'Komůrka'),
(241, 'oushew', '22545275bfec74f768156d5c2dfef996', 'dusek.kuba@seznam.cz', 0, '774886151', 0, 0, 'Jakub', 'Dušek'),
(242, 'Klarka', '1953b47f21bc71030f632ad7bc3ce568', 'klara.dvo@seznam.cz', 1, '+420737806641', 1, 0, 'Klára', 'Dvořáková'),
(243, 'Jimb021', 'b82edefb03aa81e17f26eb7cc734672b', 'jakub.kuchar@email.cz', 0, '737183609', 1, 0, 'Jakub', 'Kuchař'),
(244, 'Rav', '2a6008bf02c8b99dadbccc62129ee21c', 'gangrel@email.cz', 0, '+420737941486', 0, 0, 'Daniel', 'Kozák'),
(245, 'destil', '9a6e36253b17f187a7c2ba04326b4030', 'me@destil.cz', 0, '723826957', 1, 0, 'David', 'Vávra'),
(246, 'TomasD', '218d62d8a2c4ddbcc18ea41d85461337', 'dvoraktom@atlas.cz', 0, '721230882', 1, 0, 'Tomáš', 'Dvořák'),
(247, 'FieldMouse', '0f249a7025bcb5f8b651214542b5514c', 'martin.jurek.007@gmail.com', 0, '733572860', 1, 0, 'Martin', 'Jurek'),
(248, 'Aries', '25d9078aa7ade711840f40447f9fe56e', 'pavel.benak@gmail.com', 0, '721645117', 1, 0, 'Pavel', 'Beňak'),
(249, 'hampi', '08452b3419f5b19fc8a33ffe32d710b9', 'caerulus@gmail.com', 0, '+420603560839', 1, 0, 'Tomáš', 'Hampejs'),
(250, 'premdad', '0c78d56c8c11dc4479c34dd5b559403d', 'premek.david@seznam.cz', 0, '723506906', 1, 0, 'Přemysl', 'David'),
(251, 'Mellor', '9818e2287e76d37753313e255e2428a2', 'Mellorian@inmail.cz', 0, '737811003', 0, 0, 'Ondřej', 'Novák'),
(252, 'johny.david', '471dee2b9384534cba26c4f30fda85c7', 'johny.david@seznam.cz', 0, '723505905', 1, 0, 'Jan', 'David'),
(253, 'Domča', '2b2731af96cc3d862395993a7ba1188d', 'dominika.patrovska@centrum.cz', 1, '775152985', 0, 0, 'Dominika', 'Patrovská');

-- --------------------------------------------------------

--
-- Struktura tabulky user_attends_game
--

DROP TABLE IF EXISTS user_attends_game;
CREATE TABLE IF NOT EXISTS user_attends_game (
  user_id int NOT NULL,
  game_id int NOT NULL,
  gender int NOT NULL,
  nahradnik int DEFAULT NULL,
  reg_time timestamp NOT NULL DEFAULT CURRENT_TIMESTAMP,
  PRIMARY KEY (user_id,game_id)
);

--
-- Vypisuji data pro tabulku user_attends_game
--

INSERT INTO user_attends_game (user_id, game_id, gender, nahradnik, reg_time) VALUES
(14, 10, 0, 1, '2012-10-25 16:14:15'),
(14, 17, 0, 0, '2012-11-25 19:00:07'),
(14, 18, 0, 0, '2012-11-25 19:01:06'),
(14, 20, 0, 0, '2012-10-28 19:24:14'),
(14, 21, 0, 1, '2013-01-01 18:46:17'),
(14, 22, 0, 1, '2013-01-07 12:52:19'),
(14, 24, 0, 1, '2013-02-06 11:39:15'),
(14, 31, 0, 0, '2013-03-11 09:32:43'),
(17, 2, 1, NULL, '2008-01-01 00:00:00'),
(17, 10, 1, NULL, '2008-01-01 00:00:00'),
(17, 12, 1, 0, '2012-11-11 19:00:07'),
(17, 22, 1, 0, '2013-01-06 19:00:10'),
(17, 23, 1, 0, '2013-01-13 19:00:04'),
(17, 37, 1, 0, '2013-04-01 14:00:24'),
(17, 52, 1, 0, '2013-05-19 18:00:06'),
(17, 53, 1, 0, '2013-06-14 20:13:36'),
(19, 2, 1, NULL, '2008-01-01 00:00:00'),
(19, 11, 1, 0, '2012-11-04 19:00:00'),
(19, 16, 1, 0, '2012-11-25 19:00:03'),
(19, 17, 1, 1, '2012-11-25 21:11:06'),
(19, 22, 1, 0, '2013-01-06 19:00:26'),
(19, 65, 1, 0, '2013-06-30 19:47:41'),
(19, 68, 1, 1, '2013-08-23 11:37:42'),
(21, 9, 1, NULL, '2008-01-01 00:00:00'),
(21, 10, 1, 1, '2012-10-23 10:54:45'),
(21, 12, 1, 1, '2012-11-12 07:35:55'),
(21, 13, 1, 1, '2012-11-18 19:00:47'),
(21, 14, 1, 1, '2012-11-25 19:05:51'),
(22, 11, 1, 0, '2012-11-04 19:00:03'),
(22, 14, 1, 1, '2012-11-25 19:00:12'),
(22, 19, 1, 0, '2012-11-25 19:00:02'),
(22, 20, 1, 0, '2012-10-28 19:09:34'),
(22, 47, 1, 0, '2013-05-27 06:31:31'),
(22, 48, 1, 1, '2013-06-16 19:14:53'),
(22, 60, 1, 0, '2013-05-26 18:01:55'),
(23, 10, 0, 1, '2012-10-25 16:22:58'),
(23, 12, 0, 0, '2012-11-14 09:57:07'),
(23, 19, 0, 0, '2012-11-25 19:34:25'),
(23, 21, 0, 0, '2012-12-30 19:00:36'),
(23, 24, 0, 1, '2013-02-06 12:01:21'),
(23, 31, 0, 0, '2013-03-10 19:00:12'),
(23, 38, 0, 0, '2013-03-31 19:29:49'),
(23, 47, 0, 0, '2013-05-26 18:00:10'),
(23, 57, 0, 0, '2013-05-26 18:00:21'),
(23, 61, 0, 0, '2013-05-26 18:00:16'),
(25, 2, 0, NULL, '2008-01-01 00:00:00'),
(25, 10, 0, NULL, '2008-01-01 00:00:00'),
(25, 12, 0, 0, '2012-11-11 19:00:03'),
(25, 23, 0, 0, '2013-01-13 19:00:01'),
(25, 25, 0, 0, '2013-01-27 19:00:03'),
(25, 53, 0, 0, '2013-06-14 20:12:58'),
(26, 10, 0, NULL, '2008-01-01 00:00:00'),
(26, 18, 0, 0, '2012-11-25 19:21:31'),
(26, 24, 0, 1, '2013-02-03 19:40:29'),
(26, 26, 0, 0, '2013-01-20 19:06:16'),
(26, 62, 0, 0, '2013-05-26 18:32:49'),
(27, 2, 0, NULL, '2008-01-01 00:00:00'),
(27, 10, 0, NULL, '2008-01-01 00:00:00'),
(27, 16, 0, 0, '2012-11-25 19:00:34'),
(27, 17, 0, 1, '2012-11-25 19:00:45'),
(27, 20, 0, 0, '2012-10-28 19:18:38'),
(27, 23, 0, 1, '2013-01-13 20:39:43'),
(27, 27, 0, 0, '2013-02-10 19:00:59'),
(27, 30, 0, 0, '2013-03-03 19:00:01'),
(27, 33, 0, 0, '2013-03-17 20:27:35'),
(27, 62, 0, 0, '2013-06-04 12:01:50'),
(28, 24, 1, 0, '2013-02-03 19:00:02'),
(28, 28, 1, 0, '2013-02-17 19:00:00'),
(28, 30, 1, 1, '2013-03-08 20:15:05'),
(29, 2, 0, NULL, '2008-01-01 00:00:00'),
(29, 38, 0, 0, '2013-04-01 10:08:59'),
(30, 9, 0, NULL, '2008-01-01 00:00:00'),
(30, 11, 0, 0, '2012-11-04 19:00:43'),
(30, 19, 0, 0, '2012-12-05 11:42:23'),
(32, 2, 0, NULL, '2008-01-01 00:00:00'),
(32, 12, 0, 0, '2012-11-15 14:05:13'),
(32, 23, 0, 1, '2013-01-15 11:13:42'),
(32, 25, 0, 1, '2013-01-27 23:14:38'),
(32, 28, 0, 1, '2013-02-25 13:25:35'),
(32, 36, 0, 1, '2013-04-01 08:18:06'),
(32, 38, 0, 0, '2013-04-01 08:20:10'),
(32, 41, 0, 0, '2013-05-05 20:41:33'),
(32, 47, 0, 1, '2013-05-26 18:00:21'),
(32, 55, 0, 1, '2013-05-23 07:37:51'),
(32, 60, 0, 0, '2013-05-26 18:00:27'),
(32, 63, 0, 1, '2013-05-26 18:00:31'),
(32, 64, 0, 0, '2013-06-05 19:16:56'),
(35, 9, 1, NULL, '2008-01-01 00:00:00'),
(35, 27, 1, 0, '2013-02-10 19:01:17'),
(35, 47, 1, 0, '2013-05-26 18:00:16'),
(35, 49, 1, 1, '2013-05-26 18:00:12'),
(35, 51, 1, 0, '2013-06-06 14:34:18'),
(35, 52, 1, 0, '2013-05-20 08:55:19'),
(35, 63, 1, 0, '2013-05-26 18:00:05'),
(36, 9, 0, NULL, '2008-01-01 00:00:00'),
(36, 11, 0, 0, '2012-11-04 19:01:08'),
(36, 14, 0, 0, '2012-11-25 19:00:04'),
(36, 15, 0, 0, '2012-12-05 18:25:22'),
(36, 17, 0, 0, '2012-11-25 19:00:21'),
(36, 26, 0, 0, '2013-01-20 19:00:44'),
(36, 30, 0, 0, '2013-03-03 19:00:03'),
(36, 33, 0, 0, '2013-03-18 11:51:24'),
(36, 37, 0, 0, '2013-04-01 07:59:10'),
(36, 38, 0, 0, '2013-04-01 07:59:04'),
(36, 40, 0, 0, '2013-04-28 18:02:44'),
(36, 48, 0, 0, '2013-06-16 18:00:24'),
(36, 49, 0, 0, '2013-05-26 18:03:43'),
(36, 51, 0, 0, '2013-06-03 09:19:35'),
(36, 56, 0, 0, '2013-06-16 18:00:09'),
(36, 57, 0, 0, '2013-05-26 18:03:54'),
(36, 60, 0, 0, '2013-05-26 18:03:46'),
(36, 64, 0, 0, '2013-05-26 18:03:51'),
(37, 9, 0, NULL, '2008-01-01 00:00:00'),
(37, 63, 0, 0, '2013-05-26 18:00:09'),
(38, 9, 1, NULL, '2008-01-01 00:00:00'),
(38, 14, 1, 0, '2012-11-25 19:00:01'),
(38, 17, 1, 0, '2012-11-25 19:00:05'),
(38, 24, 1, 0, '2013-02-03 19:00:01'),
(38, 43, 1, 1, '2013-05-21 16:20:37'),
(39, 9, 1, NULL, '2008-01-01 00:00:00'),
(39, 26, 1, 0, '2013-01-20 19:04:49'),
(39, 27, 1, 1, '2013-02-18 15:04:54'),
(39, 30, 1, 0, '2013-03-03 19:36:53'),
(39, 32, 1, 0, '2013-03-10 19:03:42'),
(39, 33, 1, 0, '2013-03-17 19:02:18'),
(39, 36, 1, 0, '2013-03-25 11:31:21'),
(39, 41, 1, 0, '2013-05-05 18:05:54'),
(39, 42, 1, 0, '2013-05-05 18:09:02'),
(40, 10, 0, NULL, '2008-01-01 00:00:00'),
(40, 11, 0, 0, '2012-11-04 19:00:01'),
(40, 15, 0, 0, '2012-12-02 19:02:12'),
(40, 19, 0, 0, '2012-12-04 19:30:23'),
(40, 67, 0, 0, '2013-08-01 09:59:23'),
(41, 9, 1, NULL, '2008-01-01 00:00:00'),
(42, 9, 0, NULL, '2008-01-01 00:00:00'),
(42, 10, 0, 1, '2012-10-23 12:52:22'),
(42, 11, 0, 1, '2012-11-04 19:36:21'),
(42, 13, 0, 0, '2012-11-18 19:00:44'),
(42, 14, 0, 0, '2012-11-25 19:00:06'),
(42, 15, 0, 0, '2012-12-03 08:51:48'),
(42, 18, 0, 0, '2012-11-25 19:00:18'),
(42, 19, 0, 0, '2012-11-25 19:00:13'),
(42, 20, 0, 0, '2012-10-28 19:25:30'),
(42, 22, 0, 1, '2013-01-06 19:03:51'),
(42, 30, 0, 1, '2013-03-03 20:29:19'),
(42, 31, 0, 0, '2013-03-12 17:31:06'),
(42, 36, 0, 0, '2013-03-25 12:26:08'),
(42, 37, 0, 0, '2013-04-01 10:53:32'),
(42, 40, 0, 0, '2013-04-29 07:53:10'),
(42, 41, 0, 0, '2013-05-05 19:49:50'),
(42, 43, 0, 0, '2013-05-13 12:40:20'),
(42, 44, 0, 0, '2013-04-23 13:15:46'),
(42, 52, 0, 1, '2013-05-19 19:28:28'),
(42, 57, 0, 0, '2013-06-04 12:39:12'),
(42, 60, 0, 0, '2013-05-29 13:46:38'),
(42, 66, 0, 0, '2013-07-14 18:00:00'),
(42, 67, 0, 0, '2013-08-01 10:09:52'),
(43, 9, 0, NULL, '2008-01-01 00:00:00'),
(43, 14, 0, 1, '2012-11-25 19:00:09'),
(43, 17, 0, 0, '2012-11-25 19:00:04'),
(43, 18, 0, 0, '2012-11-25 19:00:12'),
(43, 24, 0, 1, '2013-02-06 11:33:02'),
(43, 55, 0, 0, '2013-05-20 16:53:37'),
(45, 9, 0, NULL, '2008-01-01 00:00:00'),
(45, 16, 0, 0, '2012-12-03 12:23:30'),
(45, 41, 0, 0, '2013-05-06 08:26:03'),
(45, 57, 0, 0, '2013-05-27 07:47:09'),
(47, 19, 1, 0, '2012-11-25 19:00:05'),
(47, 55, 1, 0, '2013-05-20 09:12:26'),
(47, 62, 1, 0, '2013-06-05 16:33:07'),
(48, 12, 1, 0, '2012-11-11 19:13:40'),
(48, 14, 1, 0, '2012-11-25 19:00:07'),
(48, 16, 1, 1, '2012-11-25 19:00:11'),
(48, 17, 1, 0, '2012-11-25 19:00:02'),
(48, 22, 1, 0, '2013-01-06 19:00:32'),
(49, 9, 1, NULL, '2008-01-01 00:00:00'),
(49, 10, 1, NULL, '2008-01-01 00:00:00'),
(49, 11, 1, 1, '2012-11-04 19:00:56'),
(49, 13, 1, 1, '2012-11-18 19:00:38'),
(49, 14, 1, 1, '2012-11-25 19:26:46'),
(49, 16, 1, 0, '2012-11-25 19:00:08'),
(49, 17, 1, 1, '2012-11-25 19:00:53'),
(49, 20, 1, 0, '2012-10-28 19:10:22'),
(49, 21, 1, 0, '2012-12-30 19:00:02'),
(49, 23, 1, 1, '2013-01-13 19:30:17'),
(49, 25, 1, 0, '2013-01-27 19:00:07'),
(49, 28, 1, 0, '2013-02-17 19:00:55'),
(49, 35, 1, 0, '2013-03-24 19:00:09'),
(49, 37, 1, 0, '2013-04-01 09:03:28'),
(49, 48, 1, 1, '2013-06-16 18:08:33'),
(49, 60, 1, 1, '2013-06-07 15:20:59'),
(50, 10, 0, NULL, '2008-01-01 00:00:00'),
(50, 12, 0, 0, '2012-11-11 19:00:02'),
(50, 13, 0, 0, '2012-11-18 19:00:01'),
(50, 14, 0, 0, '2012-11-25 19:00:01'),
(50, 17, 0, 0, '2012-11-25 19:00:05'),
(50, 24, 0, 0, '2013-02-03 19:00:00'),
(50, 25, 0, 0, '2013-01-27 19:03:57'),
(50, 26, 0, 0, '2013-01-20 19:00:03'),
(50, 27, 0, 0, '2013-02-10 19:00:00'),
(50, 28, 0, 0, '2013-02-17 19:00:16'),
(51, 10, 1, NULL, '2008-01-01 00:00:00'),
(51, 12, 1, 0, '2012-11-11 19:00:32'),
(51, 26, 1, 0, '2013-01-20 19:08:55'),
(51, 28, 1, 1, '2013-02-17 20:35:41'),
(51, 33, 1, 0, '2013-03-17 19:07:12'),
(51, 36, 1, 0, '2013-03-24 19:38:14'),
(51, 38, 1, 0, '2013-03-31 18:00:03'),
(51, 40, 1, 0, '2013-04-28 18:28:01'),
(51, 46, 1, 0, '2013-05-12 18:00:10'),
(51, 48, 1, 1, '2013-06-16 18:35:03'),
(51, 51, 1, 0, '2013-06-06 14:31:21'),
(51, 55, 1, 0, '2013-05-19 18:01:17'),
(52, 10, 0, NULL, '2008-01-01 00:00:00'),
(52, 52, 0, 1, '2013-05-26 16:47:43'),
(53, 10, 1, NULL, '2008-01-01 00:00:00'),
(53, 38, 1, 0, '2013-04-01 12:31:15'),
(53, 42, 1, 0, '2013-05-05 18:00:01'),
(53, 44, 1, 1, '2013-04-27 19:25:40'),
(53, 63, 1, 1, '2013-05-26 19:41:10'),
(54, 11, 1, 0, '2012-11-04 19:00:00'),
(54, 16, 1, 1, '2012-11-26 10:09:19'),
(54, 17, 1, 1, '2012-11-26 10:09:48'),
(54, 19, 1, 1, '2012-11-26 10:10:18'),
(54, 20, 1, 0, '2012-10-28 19:09:50'),
(55, 10, 1, NULL, '2008-01-01 00:00:00'),
(55, 17, 1, 0, '2012-11-25 19:00:07'),
(55, 22, 1, 1, '2013-01-06 19:12:52'),
(55, 23, 1, 0, '2013-01-13 19:00:07'),
(55, 24, 1, 0, '2013-02-03 19:00:07'),
(55, 37, 1, 0, '2013-04-01 07:51:29'),
(55, 40, 1, 0, '2013-04-28 19:15:05'),
(55, 60, 1, 0, '2013-05-26 18:00:05'),
(56, 14, 0, 0, '2012-11-25 19:00:05'),
(56, 18, 0, 0, '2012-11-25 19:00:06'),
(56, 19, 0, 0, '2012-11-25 19:00:07'),
(56, 20, 0, 1, '2012-11-04 19:34:55'),
(56, 24, 0, 1, '2013-02-03 22:27:36'),
(56, 31, 0, 0, '2013-03-18 12:25:11'),
(56, 40, 0, 0, '2013-04-28 18:00:03'),
(56, 60, 0, 0, '2013-05-26 18:00:10'),
(57, 20, 0, 1, '2012-10-28 22:13:23'),
(61, 14, 1, 1, '2012-11-26 08:35:07'),
(61, 16, 1, 1, '2012-11-26 08:35:35'),
(61, 17, 1, 1, '2012-11-26 08:35:50'),
(61, 19, 1, 1, '2012-11-26 08:38:21'),
(61, 21, 1, 1, '2012-12-30 19:19:12'),
(61, 39, 1, 0, '2013-04-21 18:00:05'),
(61, 42, 1, 1, '2013-05-05 18:10:24'),
(61, 43, 1, 0, '2013-05-12 18:00:25'),
(61, 46, 1, 0, '2013-05-12 18:00:07'),
(61, 47, 1, 0, '2013-05-26 18:04:54'),
(61, 48, 1, 0, '2013-06-16 18:00:23'),
(61, 49, 1, 0, '2013-05-26 18:00:05'),
(61, 50, 1, 0, '2013-06-02 18:00:01'),
(61, 51, 1, 0, '2013-06-02 18:00:21'),
(61, 52, 1, 0, '2013-05-19 18:00:07'),
(61, 56, 1, 0, '2013-06-16 18:00:02'),
(61, 65, 1, 1, '2013-06-30 19:50:35'),
(61, 67, 1, 1, '2013-07-28 18:00:13'),
(61, 68, 1, 0, '2013-08-18 18:29:28'),
(62, 20, 0, 0, '2012-10-28 19:17:33'),
(62, 22, 0, 1, '2013-01-06 20:27:07'),
(62, 52, 0, 0, '2013-05-19 18:00:43'),
(63, 20, 1, 1, '2012-10-28 19:23:57'),
(63, 25, 1, 0, '2013-01-27 22:55:28'),
(64, 20, 1, 0, '2012-10-28 19:18:23'),
(64, 22, 1, 0, '2013-01-06 19:00:02'),
(64, 61, 1, 0, '2013-05-26 18:00:05'),
(65, 12, 0, 0, '2012-11-14 11:59:29'),
(65, 13, 0, 1, '2012-11-25 20:13:47'),
(65, 14, 0, 1, '2012-11-25 20:14:15'),
(65, 20, 0, 1, '2012-10-28 21:00:16'),
(65, 21, 0, 1, '2013-01-03 23:44:26'),
(65, 22, 0, 1, '2013-01-08 10:02:19'),
(66, 13, 1, 0, '2012-11-08 16:57:44'),
(67, 13, 1, 0, '2012-11-08 16:57:49'),
(68, 11, 1, 1, '2012-11-04 19:02:03'),
(68, 14, 1, 1, '2012-11-25 19:01:08'),
(68, 15, 1, 0, '2012-12-09 23:42:56'),
(68, 27, 1, 1, '2013-02-18 20:10:21'),
(68, 28, 1, 0, '2013-02-17 19:28:29'),
(68, 29, 1, 0, '2013-02-24 19:00:05'),
(68, 41, 1, 0, '2013-05-05 19:58:11'),
(68, 42, 1, 0, '2013-05-05 18:10:20'),
(68, 50, 1, 0, '2013-06-02 19:07:30'),
(68, 55, 1, 0, '2013-05-20 07:27:05'),
(69, 11, 0, 1, '2012-11-05 09:17:09'),
(69, 21, 0, 0, '2012-12-30 21:43:57'),
(69, 23, 0, 0, '2013-01-13 19:00:10'),
(69, 24, 0, 0, '2013-02-03 19:00:00'),
(71, 12, 0, 0, '2012-11-11 19:00:10'),
(71, 18, 0, 0, '2012-11-25 19:00:01'),
(71, 22, 0, 0, '2013-01-06 19:00:02'),
(71, 25, 0, 0, '2013-01-27 19:00:04'),
(71, 29, 0, 0, '2013-02-24 19:00:01'),
(71, 53, 0, 0, '2013-06-09 18:00:21'),
(72, 12, 0, 0, '2012-11-11 19:03:27'),
(72, 16, 0, 0, '2012-12-03 19:58:52'),
(73, 12, 1, 0, '2012-11-11 19:30:25'),
(74, 12, 1, 0, '2012-11-11 19:55:21'),
(75, 39, 0, 0, '2013-04-21 18:01:18'),
(76, 13, 1, 0, '2012-11-18 19:00:05'),
(76, 24, 1, 1, '2013-02-06 11:33:02'),
(76, 25, 1, 1, '2013-01-28 07:52:08'),
(76, 32, 1, 0, '2013-03-10 19:18:30'),
(76, 33, 1, 0, '2013-03-18 11:51:26'),
(76, 38, 1, 0, '2013-04-01 09:33:23'),
(76, 42, 1, 1, '2013-05-05 22:03:56'),
(76, 68, 1, 0, '2013-08-18 18:19:08'),
(77, 13, 1, 0, '2012-11-18 19:00:24'),
(77, 18, 1, 0, '2012-11-25 19:00:05'),
(77, 19, 1, 0, '2012-11-25 19:00:02'),
(77, 33, 1, 0, '2013-03-17 20:50:46'),
(77, 35, 1, 0, '2013-03-25 09:07:34'),
(77, 37, 1, 0, '2013-03-31 18:30:22'),
(77, 39, 1, 0, '2013-04-21 18:01:43'),
(77, 44, 1, 0, '2013-04-21 19:32:02'),
(77, 46, 1, 0, '2013-05-12 18:00:02'),
(77, 47, 1, 0, '2013-05-27 13:48:00'),
(77, 50, 1, 0, '2013-06-02 18:00:00'),
(77, 56, 1, 1, '2013-06-18 21:41:48'),
(77, 60, 1, 0, '2013-05-26 18:00:10'),
(77, 65, 1, 1, '2013-07-01 21:49:24'),
(77, 67, 1, 1, '2013-07-28 18:00:10'),
(78, 13, 0, 0, '2012-11-18 19:00:05'),
(79, 14, 0, 0, '2012-11-25 19:00:01'),
(79, 17, 0, 0, '2012-11-25 19:00:03'),
(79, 21, 0, 1, '2013-01-03 23:27:22'),
(79, 22, 0, 1, '2013-01-06 19:05:01'),
(79, 23, 0, 0, '2013-01-13 19:00:07'),
(79, 30, 0, 0, '2013-03-03 19:00:00'),
(79, 57, 0, 0, '2013-05-26 18:00:05'),
(79, 62, 0, 0, '2013-05-26 18:00:12'),
(79, 63, 0, 0, '2013-05-26 18:00:10'),
(80, 14, 1, 1, '2012-11-25 21:26:11'),
(80, 30, 1, 1, '2013-03-10 17:04:41'),
(80, 33, 1, 0, '2013-03-24 20:25:25'),
(80, 49, 1, 1, '2013-05-26 18:00:05'),
(80, 53, 1, 0, '2013-06-10 12:47:13'),
(80, 60, 1, 0, '2013-05-26 18:09:14'),
(80, 63, 1, 0, '2013-05-26 18:00:29'),
(81, 22, 0, 0, '2013-01-06 19:00:01'),
(81, 40, 0, 0, '2013-04-28 18:00:03'),
(81, 46, 0, 0, '2013-05-12 18:00:30'),
(82, 17, 1, 1, '2012-11-25 19:09:36'),
(82, 18, 1, 0, '2012-11-25 19:09:23'),
(82, 19, 1, 1, '2012-11-25 19:08:45'),
(84, 13, 0, 1, '2012-11-22 13:21:39'),
(84, 15, 0, 0, '2012-12-03 12:10:32'),
(84, 16, 0, 0, '2012-11-27 08:59:18'),
(84, 21, 0, 0, '2012-12-30 19:26:09'),
(84, 31, 0, 0, '2013-03-11 03:05:16'),
(84, 36, 0, 1, '2013-04-01 09:55:57'),
(84, 37, 0, 0, '2013-04-01 09:55:49'),
(85, 15, 1, 0, '2012-12-02 19:00:02'),
(85, 17, 1, 0, '2012-11-25 19:00:03'),
(86, 14, 1, 1, '2012-11-25 19:16:19'),
(87, 22, 1, 1, '2013-01-08 10:15:49'),
(87, 24, 1, 0, '2013-02-03 19:00:02'),
(87, 26, 1, 0, '2013-01-20 19:00:02'),
(87, 28, 1, 0, '2013-02-17 19:00:14'),
(87, 41, 1, 0, '2013-05-05 18:24:21'),
(87, 57, 1, 0, '2013-05-26 18:23:03'),
(87, 61, 1, 0, '2013-05-26 18:29:14'),
(89, 16, 1, 0, '2012-11-25 19:00:06'),
(90, 15, 1, 1, '2012-12-02 19:11:33'),
(90, 16, 1, 0, '2012-11-25 19:00:01'),
(90, 19, 1, 0, '2012-11-25 19:01:00'),
(91, 16, 0, 0, '2012-11-26 12:02:23'),
(91, 46, 0, 1, '2013-05-12 18:01:20'),
(91, 51, 0, 0, '2013-06-10 13:23:00'),
(91, 66, 0, 1, '2013-07-14 18:00:01'),
(91, 68, 0, 0, '2013-08-18 18:30:08'),
(92, 19, 0, 0, '2012-11-25 19:00:17'),
(93, 16, 1, 1, '2012-11-25 19:05:27'),
(93, 17, 1, 1, '2012-11-25 19:05:44'),
(93, 32, 1, 0, '2013-03-21 10:28:50'),
(93, 33, 1, 0, '2013-03-18 16:08:33'),
(94, 14, 1, 0, '2012-11-25 19:00:00'),
(94, 33, 1, 0, '2013-03-18 12:13:48'),
(95, 14, 1, 1, '2012-11-25 19:14:20'),
(95, 16, 1, 1, '2012-11-25 19:00:19'),
(95, 17, 1, 1, '2012-11-25 19:00:32'),
(95, 19, 1, 0, '2012-11-25 19:00:45'),
(96, 18, 0, 0, '2012-11-25 19:00:43'),
(99, 21, 0, 1, '2013-01-03 07:01:35'),
(99, 22, 0, 1, '2013-01-06 19:01:48'),
(99, 23, 0, 1, '2013-01-13 19:30:23'),
(99, 24, 0, 0, '2013-02-03 19:00:01'),
(99, 25, 0, 1, '2013-01-27 23:04:27'),
(99, 27, 0, 0, '2013-02-10 19:00:01'),
(99, 28, 0, 0, '2013-02-17 19:00:14'),
(99, 29, 0, 0, '2013-02-24 19:00:01'),
(99, 33, 0, 0, '2013-03-17 19:00:02'),
(99, 39, 0, 0, '2013-04-21 18:55:59'),
(99, 40, 0, 0, '2013-04-28 18:00:22'),
(99, 41, 0, 0, '2013-05-05 18:03:08'),
(99, 43, 0, 0, '2013-05-12 18:00:02'),
(99, 46, 0, 0, '2013-05-12 18:00:00'),
(99, 48, 0, 0, '2013-06-16 18:00:39'),
(99, 49, 0, 0, '2013-05-26 18:00:05'),
(99, 50, 0, 0, '2013-06-02 18:00:04'),
(99, 51, 0, 0, '2013-06-02 18:00:08'),
(99, 53, 0, 0, '2013-06-09 18:00:04'),
(99, 56, 0, 0, '2013-06-16 18:00:41'),
(99, 61, 0, 0, '2013-05-26 18:00:54'),
(99, 62, 0, 0, '2013-05-26 18:00:13'),
(101, 15, 0, 0, '2012-12-04 13:23:21'),
(101, 16, 0, 0, '2012-12-03 12:57:51'),
(101, 21, 0, 1, '2012-12-30 23:43:24'),
(101, 22, 0, 1, '2013-01-06 21:14:25'),
(101, 23, 0, 1, '2013-01-13 19:11:11'),
(101, 24, 0, 1, '2013-02-06 11:33:02'),
(101, 25, 0, 1, '2013-01-27 22:56:17'),
(101, 27, 0, 0, '2013-02-10 19:00:03'),
(101, 28, 0, 1, '2013-02-24 22:18:56'),
(101, 30, 0, 1, '2013-03-03 19:03:13'),
(101, 33, 0, 0, '2013-03-20 09:00:16'),
(101, 36, 0, 0, '2013-03-24 20:32:52'),
(101, 38, 0, 1, '2013-04-01 18:01:05'),
(101, 46, 0, 1, '2013-05-12 18:07:10'),
(101, 49, 0, 0, '2013-05-26 18:00:09'),
(101, 52, 0, 1, '2013-05-20 20:06:39'),
(101, 60, 0, 0, '2013-05-26 18:09:26'),
(101, 63, 0, 1, '2013-05-26 18:00:21'),
(102, 16, 1, 1, '2012-12-04 00:49:20'),
(102, 17, 1, 1, '2012-12-04 00:50:31'),
(103, 18, 0, 0, '2012-12-05 08:54:45'),
(103, 37, 0, 0, '2013-04-01 12:10:36'),
(105, 15, 0, 0, '2012-12-06 20:48:24'),
(106, 15, 0, 0, '2012-12-09 19:16:55'),
(106, 22, 0, 1, '2013-01-07 20:44:33'),
(106, 55, 0, 0, '2013-05-20 08:59:22'),
(107, 15, 0, 0, '2012-12-09 22:50:33'),
(109, 15, 0, 0, '2012-12-12 22:21:15'),
(110, 22, 1, 1, '2013-01-08 23:41:14'),
(110, 23, 1, 1, '2013-01-15 22:19:55'),
(110, 25, 1, 1, '2013-01-27 23:20:31'),
(110, 26, 1, 1, '2013-01-20 20:07:41'),
(110, 29, 1, 1, '2013-02-24 20:34:11'),
(110, 30, 1, 0, '2013-03-03 19:00:03'),
(110, 32, 1, 0, '2013-03-10 19:00:51'),
(112, 42, 0, 0, '2013-05-05 19:03:49'),
(113, 21, 1, 0, '2012-12-30 19:00:50'),
(114, 21, 0, 0, '2012-12-30 20:52:20'),
(117, 22, 0, 0, '2013-01-06 19:00:27'),
(120, 23, 1, 0, '2013-01-13 19:00:28'),
(120, 24, 1, 0, '2013-02-03 19:00:02'),
(120, 25, 1, 0, '2013-01-27 19:00:03'),
(120, 29, 1, 0, '2013-02-24 19:00:11'),
(120, 33, 1, 0, '2013-03-17 21:45:46'),
(121, 23, 1, 1, '2013-01-13 19:01:14'),
(121, 48, 1, 1, '2013-06-16 18:05:40'),
(122, 24, 1, 1, '2013-02-12 21:52:26'),
(122, 27, 1, 0, '2013-02-10 19:00:06'),
(122, 28, 1, 0, '2013-02-17 19:00:01'),
(122, 30, 1, 0, '2013-03-03 19:00:07'),
(122, 35, 1, 1, '2013-03-25 10:31:59'),
(122, 40, 1, 0, '2013-05-06 21:21:28'),
(124, 23, 0, 1, '2013-01-18 10:05:59'),
(126, 26, 1, 1, '2013-01-23 20:24:49'),
(127, 25, 0, 0, '2013-01-27 19:02:25'),
(128, 25, 0, 0, '2013-01-27 19:04:56'),
(130, 25, 1, 1, '2013-01-28 07:57:40'),
(130, 28, 1, 1, '2013-02-17 21:06:27'),
(131, 24, 1, 0, '2013-02-03 19:00:02'),
(132, 24, 1, 1, '2013-02-03 19:33:33'),
(133, 24, 1, 1, '2013-02-03 19:00:15'),
(133, 29, 1, 0, '2013-02-24 19:00:09'),
(134, 24, 0, 1, '2013-02-03 19:00:10'),
(134, 28, 0, 0, '2013-02-17 20:32:13'),
(134, 31, 0, 0, '2013-03-10 21:44:52'),
(134, 33, 0, 0, '2013-03-18 12:14:40'),
(134, 35, 0, 1, '2013-03-29 09:57:58'),
(134, 36, 0, 0, '2013-03-29 09:58:09'),
(134, 37, 0, 1, '2013-04-01 20:27:27'),
(134, 38, 0, 1, '2013-04-01 20:27:38'),
(134, 42, 0, 0, '2013-05-09 11:25:39'),
(134, 52, 0, 1, '2013-05-20 19:46:17'),
(134, 55, 0, 0, '2013-05-20 19:46:07'),
(135, 24, 0, 1, '2013-02-03 19:00:59'),
(136, 24, 0, 1, '2013-02-03 19:00:14'),
(136, 28, 0, 0, '2013-02-17 20:32:40'),
(136, 29, 0, 1, '2013-03-03 11:15:17'),
(136, 31, 0, 0, '2013-03-10 21:45:20'),
(136, 33, 0, 0, '2013-03-18 12:15:20'),
(136, 42, 0, 0, '2013-05-09 11:26:12'),
(137, 62, 1, 0, '2013-05-29 20:31:48'),
(138, 24, 0, 1, '2013-02-03 19:00:05'),
(138, 28, 0, 0, '2013-02-17 20:33:27'),
(139, 24, 0, 0, '2013-02-03 19:00:00'),
(139, 33, 0, 0, '2013-03-17 18:59:59'),
(139, 36, 0, 1, '2013-04-01 11:44:14'),
(139, 37, 0, 0, '2013-04-01 11:44:23'),
(139, 43, 0, 1, '2013-05-15 16:12:00'),
(139, 46, 0, 1, '2013-05-15 16:11:50'),
(139, 47, 0, 1, '2013-05-26 21:28:33'),
(139, 55, 0, 0, '2013-05-20 16:25:16'),
(139, 58, 0, 1, '2013-05-26 20:17:56'),
(139, 63, 0, 1, '2013-05-26 20:17:31'),
(139, 66, 0, 1, '2013-07-14 18:05:25'),
(140, 24, 0, 1, '2013-02-03 19:09:00'),
(140, 29, 0, 0, '2013-02-24 20:07:09'),
(140, 42, 0, 0, '2013-05-05 22:15:29'),
(141, 53, 0, 0, '2013-06-21 06:33:28'),
(141, 61, 0, 0, '2013-05-26 18:00:08'),
(141, 62, 0, 0, '2013-05-26 18:00:26'),
(142, 24, 1, 1, '2013-02-03 23:35:07'),
(142, 38, 1, 0, '2013-04-01 11:34:24'),
(144, 35, 1, 0, '2013-03-24 18:37:16'),
(144, 40, 1, 0, '2013-04-28 18:00:33'),
(144, 52, 1, 0, '2013-05-19 18:00:13'),
(144, 53, 1, 0, '2013-06-09 20:42:18'),
(144, 68, 1, 0, '2013-08-19 07:28:10'),
(146, 27, 0, 0, '2013-02-18 15:00:38'),
(146, 35, 0, 0, '2013-03-24 18:33:59'),
(146, 42, 0, 0, '2013-05-05 18:00:03'),
(146, 61, 0, 0, '2013-05-26 18:01:47'),
(147, 33, 1, 0, '2013-03-17 19:06:18'),
(147, 35, 1, 0, '2013-03-24 18:32:58'),
(147, 38, 1, 0, '2013-04-04 07:34:24'),
(147, 40, 1, 0, '2013-04-28 18:08:05'),
(148, 27, 0, 0, '2013-02-18 15:02:36'),
(149, 28, 0, 0, '2013-02-17 21:25:37'),
(149, 29, 0, 1, '2013-02-26 09:53:19'),
(149, 30, 0, 1, '2013-03-03 19:04:23'),
(149, 39, 0, 0, '2013-04-21 18:00:12'),
(149, 44, 0, 0, '2013-04-21 18:00:18'),
(150, 28, 1, 0, '2013-02-17 19:00:03'),
(151, 28, 1, 0, '2013-02-17 19:01:12'),
(151, 36, 1, 0, '2013-03-24 18:41:32'),
(151, 40, 1, 0, '2013-04-28 18:02:53'),
(152, 28, 1, 1, '2013-02-17 19:51:29'),
(154, 32, 1, 0, '2013-03-10 19:00:00'),
(154, 47, 1, 0, '2013-05-28 19:43:58'),
(154, 63, 1, 0, '2013-05-26 18:00:28'),
(155, 28, 0, 0, '2013-02-21 14:51:08'),
(155, 41, 0, 0, '2013-05-06 11:44:29'),
(155, 52, 0, 1, '2013-05-21 08:16:41'),
(155, 58, 0, 1, '2013-05-27 14:13:43'),
(157, 33, 0, 0, '2013-03-25 13:34:40'),
(157, 55, 0, 0, '2013-05-20 10:08:19'),
(157, 67, 0, 0, '2013-08-01 12:47:31'),
(157, 68, 0, 0, '2013-08-18 19:46:34'),
(158, 1, 0, 0, '2013-03-22 19:00:18'),
(161, 32, 1, 0, '2013-03-10 19:01:48'),
(161, 49, 1, 0, '2013-05-26 18:00:03'),
(163, 32, 1, 0, '2013-03-10 20:20:50'),
(164, 31, 0, 0, '2013-03-11 09:39:37'),
(165, 31, 0, 0, '2013-03-11 10:19:01'),
(166, 33, 0, 0, '2013-03-17 21:46:18'),
(169, 33, 0, 0, '2013-03-17 19:07:58'),
(169, 35, 0, 0, '2013-03-24 18:31:13'),
(173, 32, 1, 0, '2013-03-20 19:01:23'),
(174, 32, 1, 0, '2013-03-23 17:32:04'),
(176, 31, 0, 0, '2013-03-23 21:14:20'),
(178, 35, 1, 0, '2013-03-24 18:37:20'),
(179, 35, 0, 0, '2013-03-24 18:51:45'),
(181, 33, 0, 0, '2013-03-25 11:50:55'),
(183, 37, 1, 0, '2013-04-01 07:52:11'),
(183, 40, 1, 0, '2013-04-28 19:16:01'),
(183, 48, 1, 0, '2013-06-16 18:00:01'),
(183, 56, 1, 0, '2013-06-16 18:00:09'),
(183, 60, 1, 0, '2013-05-26 18:09:22'),
(183, 66, 1, 0, '2013-07-14 18:00:09'),
(184, 38, 1, 0, '2013-04-01 11:36:03'),
(185, 48, 1, 1, '2013-06-16 19:08:39'),
(185, 56, 1, 1, '2013-06-16 19:10:01'),
(188, 36, 1, 1, '2013-04-05 17:57:19'),
(189, 39, 0, 0, '2013-04-21 18:00:21'),
(190, 39, 0, 0, '2013-04-21 18:03:48'),
(190, 46, 0, 1, '2013-05-12 18:00:40'),
(190, 49, 0, 0, '2013-05-26 18:01:09'),
(190, 50, 0, 0, '2013-06-02 18:01:27'),
(191, 44, 1, 0, '2013-04-21 20:14:52'),
(192, 40, 1, 0, '2013-04-28 19:15:46'),
(192, 44, 1, 0, '2013-04-22 10:11:28'),
(193, 44, 0, 0, '2013-04-22 10:43:13'),
(193, 50, 0, 1, '2013-06-02 19:24:15'),
(194, 55, 0, 1, '2013-05-21 17:08:58'),
(195, 40, 1, 0, '2013-04-28 18:01:51'),
(196, 43, 0, 0, '2013-05-12 18:00:08'),
(196, 48, 0, 0, '2013-06-16 17:59:59'),
(196, 51, 0, 0, '2013-06-09 20:33:01'),
(196, 56, 0, 0, '2013-06-16 18:01:54'),
(196, 58, 0, 0, '2013-05-26 18:00:06'),
(196, 64, 0, 0, '2013-05-26 18:00:15'),
(196, 65, 0, 0, '2013-07-01 09:13:29'),
(196, 66, 0, 1, '2013-07-14 18:00:00'),
(196, 68, 0, 0, '2013-08-18 18:00:02'),
(197, 40, 1, 0, '2013-04-28 18:00:09'),
(197, 43, 1, 0, '2013-05-12 18:00:16'),
(197, 58, 1, 0, '2013-05-26 18:00:05'),
(197, 62, 1, 0, '2013-05-26 18:00:17'),
(197, 64, 1, 0, '2013-05-26 18:00:29'),
(197, 66, 1, 0, '2013-07-14 18:00:11'),
(197, 68, 1, 0, '2013-08-18 18:11:57'),
(200, 40, 0, 0, '2013-04-28 18:05:54'),
(200, 52, 0, 0, '2013-05-19 18:01:59'),
(200, 53, 0, 0, '2013-06-09 20:44:13'),
(201, 40, 1, 0, '2013-04-28 19:26:39'),
(202, 40, 0, 0, '2013-04-28 21:24:49'),
(203, 40, 1, 0, '2013-04-29 02:13:12'),
(203, 53, 1, 0, '2013-06-14 22:27:22'),
(205, 42, 0, 0, '2013-05-05 18:00:18'),
(205, 61, 0, 0, '2013-05-26 18:02:02'),
(206, 42, 1, 0, '2013-05-05 15:23:11'),
(208, 41, 0, 0, '2013-05-06 14:13:46'),
(209, 40, 0, 0, '2013-05-06 20:09:31'),
(210, 40, 0, 0, '2013-05-06 20:45:36'),
(211, 40, 0, 0, '2013-05-07 23:10:51'),
(211, 48, 0, 0, '2013-06-17 09:58:26'),
(211, 51, 0, 0, '2013-06-02 19:21:19'),
(212, 40, 0, 0, '2013-05-08 20:14:13'),
(214, 40, 0, 0, '2013-05-09 16:27:00'),
(216, 56, 0, 0, '2013-06-16 18:00:01'),
(216, 61, 0, 0, '2013-05-26 18:00:05'),
(218, 43, 1, 1, '2013-05-18 19:23:54'),
(218, 52, 1, 0, '2013-05-19 18:11:32'),
(218, 58, 1, 0, '2013-05-26 18:00:06'),
(218, 61, 1, 0, '2013-05-26 18:00:11'),
(218, 62, 1, 0, '2013-05-26 18:00:16'),
(218, 65, 1, 1, '2013-06-30 20:40:11'),
(218, 67, 1, 0, '2013-07-28 18:00:10'),
(219, 52, 0, 0, '2013-05-19 18:12:37'),
(219, 58, 0, 0, '2013-05-26 18:00:08'),
(219, 61, 0, 0, '2013-05-26 18:00:37'),
(220, 52, 0, 0, '2013-05-19 18:04:27'),
(220, 53, 0, 0, '2013-06-09 18:00:27'),
(220, 66, 0, 1, '2013-07-14 18:00:44'),
(221, 48, 1, 1, '2013-06-16 20:01:38'),
(221, 52, 1, 0, '2013-05-19 19:33:57'),
(221, 58, 1, 0, '2013-06-04 13:30:09'),
(222, 52, 1, 1, '2013-05-22 12:09:50'),
(223, 50, 0, 0, '2013-06-02 18:00:04'),
(223, 58, 0, 0, '2013-05-26 18:01:31'),
(223, 60, 0, 0, '2013-05-26 18:00:11'),
(225, 61, 1, 0, '2013-05-26 18:02:02'),
(228, 63, 1, 1, '2013-05-26 18:01:23'),
(229, 53, 1, 0, '2013-06-09 18:07:50'),
(230, 61, 0, 1, '2013-05-29 14:13:58'),
(230, 62, 0, 0, '2013-05-29 19:31:26'),
(230, 63, 0, 1, '2013-05-29 14:10:47'),
(231, 62, 1, 0, '2013-05-30 09:00:12'),
(233, 50, 1, 1, '2013-06-02 20:33:07'),
(234, 62, 1, 0, '2013-06-04 13:39:55'),
(235, 48, 1, 1, '2013-06-16 21:37:57'),
(236, 53, 1, 0, '2013-06-20 07:14:41'),
(237, 53, 0, 0, '2013-06-20 07:18:53'),
(238, 53, 1, 0, '2013-06-09 18:00:01'),
(242, 65, 1, 0, '2013-06-30 19:42:09'),
(242, 66, 1, 0, '2013-07-14 18:26:26'),
(244, 66, 0, 0, '2013-07-14 17:59:59'),
(251, 68, 0, 0, '2013-08-18 19:21:31');

--
-- Omezení pro exportované tabulky
--

--
-- Omezení pro tabulku user_attends_game
--
ALTER TABLE user_attends_game
  ADD CONSTRAINT user_attends_game_ibfk_1 FOREIGN KEY (user_id) REFERENCES hraj_user (id) ON UPDATE CASCADE,
  ADD CONSTRAINT user_attends_game_ibfk_2 FOREIGN KEY (game_id) REFERENCES game (id) ON UPDATE CASCADE;
